tvn24	Oczko z dopłatą. "Ja bym chciał, motyle by chciały"
tvn24	Koronawirus w Polsce. Mapa zakażeń
tvn24	Biedroń: nie wiemy, kto wejdzie do drugiej tury, trzy miesiące temu miała to być pani Kidawa-Błońska
tvn24	Szef sztabu organizacyjnego Andrzeja Dudy reaguje na wpisy Donalda Tuska. Pisze o "KruluUE", "hejterze" i "trollu"
tvn24	Senat o równości wobec prawa. "Autorzy restrykcji sami ich nie przestrzegają"
tvn24	Sejm zajmie się wotum nieufności wobec ministra Szumowskiego i dodatkiem solidarnościowym 
tvn24	"Tato, wołają cię". Syn Aleksandra Pocieja rozbawił senatorów
tvn24	PKW podjęła uchwały dotyczące wzoru kart do głosowania
tvn24	Jak zachować się w lokalu wyborczym? Kiedy poznamy wyniki głosowania?
tvn24	Tykające bomby na dnie Bałtyku
tvn24	Prezydent skierował do Sejmu projekt ustawy o dodatku solidarnościowym
tvn24	Ordo Iuris chce, żeby studenci byli przesłuchiwani przez prokuratora i nagrywani
tvn24	Bielan: jestem przekonany, że Trzaskowski wetowałby wszystkie ważne ustawy, jak leci
tvn24	"Na razie nie widać zwycięstwa. Raczej się przyzwyczailiśmy do epidemii"
tvn24	Sąd Najwyższy uchylił uchwałę KRS. Przychylił się do skargi sędziego Żurka
tvn24	Kidawa-Błońska: w Polsce uważa się, że mężczyzna jest silniejszy. Czas kobiet jeszcze przed nami
tvn24	Bodnar pyta Ziobrę o "odmrażanie" sądów. Wskazuje problemy i "bardzo ogólne" przepisy
tvn24	Jak będą wyglądały wybory prezydenckie? Najważniejsze informacje i terminy
tvn24	Koronawirus w Polsce. Co wiemy o osobach, które zmarły?
tvn24	Zginął kierowca. "Skrzyżowanie newralgiczne, a i światła nie działają". Drogowcy: jest epidemia, nie ma części, ale naprawimy
tvn24	Oczko z dopłatą. "Ja bym chciał, motyle by chciały"
tvn24	Koronawirus w Polsce. Mapa zakażeń
tvn24	Biedroń: nie wiemy, kto wejdzie do drugiej tury, trzy miesiące temu miała to być pani Kidawa-Błońska
tvn24	Szef sztabu organizacyjnego Andrzeja Dudy reaguje na wpisy Donalda Tuska. Pisze o "KruluUE", "hejterze" i "trollu"
tvn24	Senat o równości wobec prawa. "Autorzy restrykcji sami ich nie przestrzegają"
tvn24	Sejm zajmie się wotum nieufności wobec ministra Szumowskiego i dodatkiem solidarnościowym 
tvn24	"Tato, wołają cię". Syn Aleksandra Pocieja rozbawił senatorów
tvn24	PKW podjęła uchwały dotyczące wzoru kart do głosowania
tvn24	Jak zachować się w lokalu wyborczym? Kiedy poznamy wyniki głosowania?
tvn24	Tykające bomby na dnie Bałtyku
tvn24	Prezydent skierował do Sejmu projekt ustawy o dodatku solidarnościowym
tvn24	Ordo Iuris chce, żeby studenci byli przesłuchiwani przez prokuratora i nagrywani
tvn24	Bielan: jestem przekonany, że Trzaskowski wetowałby wszystkie ważne ustawy, jak leci
tvn24	"Na razie nie widać zwycięstwa. Raczej się przyzwyczailiśmy do epidemii"
tvn24	Sąd Najwyższy uchylił uchwałę KRS. Przychylił się do skargi sędziego Żurka
tvn24	Kidawa-Błońska: w Polsce uważa się, że mężczyzna jest silniejszy. Czas kobiet jeszcze przed nami
tvn24	Bodnar pyta Ziobrę o "odmrażanie" sądów. Wskazuje problemy i "bardzo ogólne" przepisy
tvn24	Jak będą wyglądały wybory prezydenckie? Najważniejsze informacje i terminy
tvn24	Koronawirus w Polsce. Co wiemy o osobach, które zmarły?
tvn24	Zginął kierowca. "Skrzyżowanie newralgiczne, a i światła nie działają". Drogowcy: jest epidemia, nie ma części, ale naprawimy
tvn24	Ministerstwo Zdrowia: 292 nowe przypadki zakażenia w środę. Zmarły 23 osoby
tvn24	Ósmoklasistka nie weszła do szkoły, bo miała podwyższoną temperaturę. Czy tak będzie na egzaminie?
tvn24	Postanowienie marszałek Sejmu w sprawie wyborów opublikowane. Rusza kampania wyborcza
tvn24	Z oddziału nikt nie wyszedł bez koronawirusa
tvn24	Jak dopisać się do spisu lub wpisać do rejestru wyborców w głosowaniu mieszanym?
tvn24	Szef PKW: podpisy można zbierać dopiero po publikacji zarządzenia
tvn24	Wyborczy zegar tyka. Samorządy szykują się do głosowania, jakiego nie było
tvn24	Wewnętrzna notatka resortu nauki po kontroli w NCBR. "Ryzyko działań korupcyjnych"
tvn24	"Kondycję zwierząt określamy jako dobrą". Aukcja Pride of Poland w Janowie Podlaskim się odbędzie 
tvn24	Dwulatek spadł z balkonu z wysokości trzech metrów. "Wstał i zaczął sam iść"
tvn24	"Czekaliśmy na ten dzień". Trzaskowski ruszył ze zbiórką podpisów
tvn24	"Główny odbiorca tego wystąpienia to był Jarosław Kaczyński". Komentarze po słowach marszałek
tvn24	Stracił panowanie nad autem, wjechał na chodnik,  wprost na pieszych. Zatrzymał się, gdy urwał koło
tvn24	Ustne matury odwołane, ale część uczniów będzie je zdawać. Wiemy, ilu ich jest
tvn24	Dwa dni na utworzenie komitetu, czas na zebranie podpisów do 10 czerwca. Kalendarz wyborczy
tvn24	Motocyklem pod prąd. "Przejechał tak 15-20 kilometrów". Policja próbowała go namierzyć, ale zniknął
tvn24	Rękawice, maski, płyny do dezynfekcji. Tak mają zostać przeprowadzone wybory prezydenckie
tvn24	"Marszałek Sejmu startuje w jakimś konkursie na jednostronność"
tvn24	Zakażona lekarka przyjechała się zbadać do szpitala. Prokuratura i sanepid badają sprawę
tvn24	Marszałek Sejmu Elżbieta Witek podała termin wyborów prezydenckich
tvn24	Opiekunka ze żłobka zakażona koronawirusem. 178 osób, w tym dzieci, objęto kwarantanną
tvn24	Kosiniak-Kamysz: Oczko wodne? Fontanna i rybki będą w gratisie?
tvn24	Znaleźli go pijanego w rowie. W reklamówce miał krzyże oderwane z nagrobków
tvn24	O godzinie 11 marszałek ma ogłosić datę wyborów. PKW pozytywnie zaopiniowała kalendarz wyborczy
tvn24	Uderzył w auto strażników granicznych. W swoim miał cztery kilogramy metamfetaminy
tvn24	"Wyrażamy solidarność w obliczu działań policji i prokuratury, naruszających autonomię uczelni"
tvn24	W nocy nielegalnie przekroczyli granicę. Rosyjska rodzina chciała się dostać do Niemiec
tvn24	Sondaż: Trzaskowski goni Dudę. Podium zamyka Szymon Hołownia
tvn24	Ruszył proces w sprawie afery PCK. Na ławie oskarżonych byli politycy PiS, wśród nich były poseł
tvn24	Zbieranie podpisów do 12 czerwca? Fogiel: słyszałem takie wstępne wyliczenia
tvn24	"Idzie zmiana. Ludzie wyczuwają, że to, co się dzieje z PiS-em to za dużo"
tvn24	Hermeliński: to quasi-Kodeks wyborczy. "Ta ustawa jest trochę lepsza od kopertowej, ale nie spełnia nadziei"
tvn24	Zmiażdżona kabina, ranni kierowcy. Utrudnienia na S5
tvn24	Przepisy ukryte w tarczach antykryzysowych. "Uprawnienia władza potem niechętnie oddaje"
tvn24	Saperzy wywieźli pocisk artyleryjski z centrum Szczecina
tvn24	"Zadano mi ponad 70 pytań. To próba zmęczenia i zastraszenia". Kolejni studenci czekają na przesłuchania
tvn24	Rząd ogłasza sukces w walce z koronawirusem. Eksperci: nie jesteśmy w fazie wygaszania epidemii
tvn24	"Teraz wszystko zależy od tego, co będą chcieli zrobić politycy"
tvn24	"Prokuratura musi zacząć traktować instytucje kościelne tak, jak każdą inną"
tvn24	Jest zgoda na dochodzenie w sprawie biskupa Janiaka. "Decyzja odpowiada pragnieniu Ojca Świętego"
tvn24	"Walkę z koronawirusem wygrywały te kraje, których władze potrafiły zdobyć zaufanie obywateli"
tvn24	Prezydent podpisał ustawę o organizacji wyborów. Terlecki: pani marszałek w środę ogłosi termin 
tvn24	Najpierw badanie, potem strzelanie. Wojsko szykuje się na manewry z Amerykanami
tvn24	"Trudno o zaufanie, kiedy oczywiste i logiczne poprawki nie przechodzą"
tvn24	Ustawa wyborcza. Które poprawki Senatu przyjął Sejm?
tvn24	Ministerstwo Zdrowia: 236 przypadków koronawirusa we wtorek, zmarło 18 osób 
tvn24	Wyszedł za bramę w południe. Tragiczny finał poszukiwań 4-latka
tvn24	Matura 2020. Egzaminy na korytarzach, rodzice w komisjach, nauczyciele w przyłbicach
tvn24	ABW szuka firmy do poprowadzenia szkoleń o terroryzmie
tvn24	"Wszyscy zjeżdżali na prawy pas, trąbili, nic sobie z tego nie robił. Mało tego, on miał zjazd!". 80-latek pod prąd na A4
tvn24	Nieefektywne procedury, brak środków ochrony. "Kombinezon wykonywałem z worków na śmieci"
tvn24	Jechali z Włoch do Warszawy  "po żele antybakteryjne". Irańczycy zatrzymani na granicy
tvn24	Łukasz Szumowski w ogniu pytań. "Szybko stał się politykiem. Dziś wiemy, że jednym z najbardziej cynicznych"
tvn24	Trybunał Konstytucyjny: powołanie sędziego przez prezydenta nie podlega dodatkowym ocenom 
tvn24	Auto z dziećmi wyrzucone poza jezdnię. Tak pijany kierowca doprowadził do wypadku. Trafi do aresztu
tvn24	Uczeń zakażony koronawirusem, zamknęli wszystkie szkoły i przedszkola
tvn24	Pierwsza godzina 7 złotych, kolejna jeszcze więcej. Najdroższa strefa parkowania w Polsce
tvn24	Premier o walce z koronawirusem: nie słuchajcie tych brzęczących much, które opowiadają bajki
tvn24	Matka i jej trzy córeczki zmarły w czasie pożaru. Oskarżony sąsiad: śnią mi się po nocy
tvn24	Czaputowicz: jesteśmy na dobrej drodze, by przed wakacjami otworzyć granice
tvn24	Efekt epidemii, rewolucja jest już w Polsce. "Wszystko mamy w mobilnym domu"
tvn24	"Nie mają wątpliwości", że ukryto tam 28 ton złota. Ministerstwo: nie dostaliśmy oryginału "Dziennika wojennego"
tvn24	Poszedł pobiegać po plaży, znalazł wrak statku odsłonięty po sztormie. "Wygląda na fragment XIX-wiecznej jednostki"
tvn24	Zaoferowali, że naprawią policyjne radiowozy za grosz za godzinę, na części dali rabat. "Wszystko się kalkuluje"
tvn24	Ambasador USA wspomina pierwszą pielgrzymkę Jana Pawła II do ojczyzny. "Wspierał ich w dążeniu do wolności" 
tvn24	Zakażony personel w Białostockim Centrum Onkologii. Sześć osób z pozytywnym wynikiem
tvn24	Staranował płot i uziemił Lotnicze Pogotowie Ratunkowe. Zatrzymali go, gdy "jechał wszystko wyjaśnić"
tvn24	Trzy poprawki decydujące o tym, czy "wybory będą uczciwe, powszechne, równe"
tvn24	Sondaż: trzech kandydatów zrównuje się z Andrzejem Dudą w drugiej turze
tvn24	Krzysztof Materna i były sekretarz generalny PO obejmują stery w Teatrze Bagatela
tvn24	Hermeliński: ustawa wyborcza znacząco poprawiona
tvn24	Zderzyły się trzy auta, siedem osób trafiło do szpitali
tvn24	"Każde wybory, które odbędą się przed 6 sierpnia, będą skażone grzechem pierworodnym niekonstytucyjności"
tvn24	25 mln zł z NCBR dla spółek, w które zainwestował fundusz związany z Szumowskimi
tvn24	"Mówił, że jest mechanikiem, codziennie wychodził w stroju roboczym”. Był poszukiwany czerwoną notą Interpolu
tvn24	Schetyna: Potrzebne są szybkie decyzje. My jesteśmy gotowi na każdy termin wyborów
tvn24	Usłyszeli o zaginięciu siedmioletniego sąsiada, wsiedli na rowery i sami zaczęli go szukać
tvn24	Zderzenie dwóch samochodów osobowych. Jedna osoba nie żyje
tvn24	Jak uczniowie odbiorą  świadectwa? MEN: o formie i terminie zdecyduje dyrektor
tvn24	Ministerstwo Środowiska: od soboty otwarte place zabaw i miejsca do biwakowania
tvn24	Lewica złoży projekt ustawy o "abolicji mandatowej" dla łamiących obostrzenia w czasie epidemii
tvn24	Czarnogóra otwiera się na 131 państw. Nie ma wśród nich Polski
tvn24	Zderzenie samochodu z rowerzystkami. Policja: ranne w ciężkim stanie
tvn24	Senat przyjął poprawki do ustawy wyborczej. Kilka "ma charakter zasadniczy"
tvn24	Terlecki o "świrze". Czy przeprosi? Syn Gowina "sam tego chciał"
tvn24	Gowin: ocenę słów Terleckiego pod adresem syna wyrażę w rozmowie w cztery oczy
tvn24	Borowski: te poprawki zagwarantują, że wybory nie będą budzić wątpliwości
tvn24	"To nie są wybory, w których wygra racjonalność"
tvn24	Gowin: Dwa razy zawiadomiłem CBA. Chodziło między innymi o spółki, w których udziały miał Marcin Szumowski
tvn24	"Jak można lekką ręką wydać 70 milionów złotych? To więcej niż budżet niejednej gminy"
tvn24	"Pan prezydent Duda wykorzystuje rządowe limuzyny, jeżdżąc po kraju, mówiąc, że to nie jest kampania"
tvn24	Nowy sondaż prezydencki. Duda i Trzaskowski w drugiej turze
tvn24	Chora na raka wygrała z koronawirusem. Błyskawiczna reakcja na osocze ozdrowieńca
tvn24	380 przypadków zakażenia potwierdzonych w poniedziałek. Zmarło 10 osób
tvn24	Sadzą drzewa, tworzą "oczka wodne". Tak rolnicy walczą z suszą
tvn24	Arcybiskup mówił o "tęczowej zarazie". Śledztwa ostatecznie nie będzie
tvn24	Miejsc jest 150, ale uczennica była tylko jedna. "Frekwencja jest dramatycznie niska"
tvn24	Wsiadł do samochodu z puszką piwa w ręce. Kluczyki zabrał mu świadek
tvn24	Znawca prawa karnego, poseł, wiceprzewodniczący Trybunału Stanu. Profesor Marian Filar nie żyje
tvn24	"Mamy dwa nowe ogniska w kopalniach". Górnicy boją się niskich wypłat i zwolnień
tvn24	Usłyszała dziwne dźwięki dochodzące z samochodu, wezwała policję
tvn24	CBA nie kupi luksusowej wersji Land Rovera
tvn24	Wystawili na sprzedaż stuletnie więzienie. "Miejsce bardzo urokliwe"
tvn24	Najważniejsze wyborcze pytania w nowym programie TVN24 "Czas decyzji. Wybory 2020"
tvn24	MEN: dzieci już nie wrócą do szkół
tvn24	Wiózł drewno, o 14 ton za dużo. "Ilość już na pierwszy rzut oka wzbudzała podejrzenia"
tvn24	"Jesień może być tym okresem, kiedy pojawi się nawrót epidemii"
tvn24	Wpadli na kradzieży paliwa, na mapie wskazali willę w Niemczech, do której się włamali
tvn24	Na polu leżały martwe ptaki, obok nich kawałki mięsa 
tvn24	"Ktoś decyduje się wejść w dzień na teren muzeum przy ruchliwej ulicy i spalić eksponat"
tvn24	Syn Gowina rapuje w ramach #Hot16Challenge2 i krytykuje rząd
tvn24	Posłowie zawiadamiają prokuraturę w sprawie zwłoki w publikacji uchwały PKW. "Premier opóźnił proces wyborczy"
tvn24	"Jesteśmy w sytuacji bezprecedensowej, która nigdy nie miała miejsca w naszym kraju"
tvn24	Nie zatrzymał się do kontroli, podczas ucieczki wjechał do rowu. Wiózł dwoje małych dzieci, był pijany
tvn24	Gdy otworzył naczepę z ziemniakami z Grecji, wyskoczyło z niej kilku młodych mężczyzn
tvn24	Bosacki: Czekamy na ostatnie ekspertyzy. Myślę, że w tym tygodniu skończymy prace w Senacie
tvn24	Miała dopłacić za "dezynfekcję paczki". Straciła oszczędności
tvn24	Uchwała PKW opublikowana w Dzienniku Ustaw. Marszałek Sejmu ma dwa tygodnie na zarządzenie wyborów
tvn24	"To wielu nas skłoni do przewartościowania swojego życia i przemyślenia, co w nim jest najważniejsze"
tvn24	Zakażeni pracownicy Białostockiego Centrum Onkologii
tvn24	"Wyraźnie widać, że to, co wydaje się przesądzone, wcale przesądzone nie jest"
tvn24	Szłapka: podstawą zamętu jest to, że premier nie publikuje uchwały PKW
tvn24	Awantura na parkingu w Ligurii. "Obywatel Polski zmarł w wyniku rany zadanej nożem"
tvn24	Posłowie KO apelują do prezydenta o wycofanie z TK ustawy o jawności majątku rodzin polityków
tvn24	219 nowych przypadków zakażenia w niedzielę. "W popołudniowych raportach nie odnotowano żadnego zgonu"
tvn24	Nagłe wzrosty na południu, płasko na północy. Jak przebiegała dotąd epidemia w poszczególnych województwach?
tvn24	Wibrator na czas pandemii
tvn24	Rzecznik praw dziecka apeluje do nauczycieli: podnieśmy oceny wszystkim uczniom
tvn24	Pieszy pościg w centrum miasta. Policjanci gonili "policjanta", nikt nie był w mundurze
tvn24	RPO: kary za łamanie obostrzeń na podstawie notatek policyjnych nie mają podstaw prawnych
tvn24	Pracownicy agencji podległej resortowi zdrowia przyznali milion złotych firmie związanej z Marcinem Szumowskim
tvn24	Pluszowy miś przyciągnął uwagę Armina. W jego brzuchu kryła się "niespodzianka"
tvn24	21. dzień bez publikacji uchwały PKW. "Zawiadomienie o możliwości popełnienia przestępstwa przez premiera"
tvn24	Kopalnie zamarły z powodu akcji "wymazywania górników". Powrót "do normalności" jest mozolny
tvn24	"Rysie mają u nas tak dobrze, że pojawiły się młode"  
tvn24	Turysta nie był przygotowany na śnieg, inni zabłądzili. W górach panują trudne warunki
tvn24	Plakaty atakujące ministra na przystankach. Ratusz: to nielegalna akcja, sprzeciwiamy się mowie nienawiści
tvn24	Upadek stadniny w Janowie Podlaskim. "Potrzeba wiele lat pracy, żeby odbudować tak zszarganą opinię"
tvn24	Wyjątkowy termin matur 2020. Data, zasady przeprowadzenia egzaminów dojrzałości
tvn24	"Tu są ruiny, lej po bombie". Strzyczkowski: ostrzegam, żeby nie wysyłać mi SMS-ów
tvn24	"Jest epidemia, trzeba to zaakceptować, czy się komuś to podoba, czy nie"
tvn24	Kosiniak-Kamysz: Polacy potrzebują utwardzonej drogi, a nie megalomanii w wykonaniu ferajny z Nowogrodzkiej
tvn24	Trzaskowski: Jedno mogę obiecać. Całkowitą niezależność
tvn24	Ministerstwo Zdrowia: 416 nowych przypadków zakażenia w sobotę, 10 osób zmarło
tvn24	Od Pomorza po Małopolskę. Kandydaci na kandydatów na prezydenta rozjechali się po kraju
tvn24	Ognisko koronawirusa w zakładzie mięsnym. 60 osób zakażonych, ponad 180 na kwarantannie
tvn24	Usłyszała ponad 10 tysięcy zarzutów, miała wyłudzić prawie 2 miliony złotych. "Wszystko mamy czarno na białym"
tvn24	Budowa nowej trasy tramwajowej ruszyła na dobre, duże zmiany organizacji ruchu w Poznaniu
tvn24	Konie wbiegły na drogę między samochody. "Czasami się wymykają"
tvn24	"Kasa w błoto", "Szpitale nie kanał". Protest podczas wizyty prezydenta i premiera na Mierzei Wiślanej
tvn24	Płeć wciąż nieznana, imię jeszcze niewybrane. Narodziny we wrocławskim zoo
tvn24	Ogniska koronawirusa jak epidemie zatruć pokarmowych. Ekspert wyjaśnia
tvn24	Pracownik sanepidu zakażony koronawirusem. Cały personel w kwarantannie
tvn24	Opadały rogatki, miał czerwone, kierowca busa i tak wjechał. Utknął na torach kolejowych
tvn24	Gowin: nie powiedziałbym, że opozycja jest winna temu, że wybory się nie odbyły w maju
tvn24	"To jest zawsze problem, kiedy członek rodziny decyduje się na służbę publiczną"
tvn24	Na koncie ma dwa tysiące nurkowań, na dnie potrafi znaleźć obrączkę. Wiele wskazuje, że wyjaśnił mroczną tajemnicę
tvn24	Pracownicy przedszkoli bez koronawirusa. W Łodzi wracają do pracy niemal wszystkie placówki
tvn24	Trzaskowski największym rywalem Dudy. Najnowszy sondaż o drugiej turze wyborów
tvn24	To była prawdziwa rewolucja, odmieniła miasto i powstrzymała epidemie. Po 93 latach w USA znaleźli film
tvn24	Od dziś bez maseczek na ulicach. Trzeba jednak zachować zasady
tvn24	Rząd chce stworzyć holding spożywczy. Firmy wybierze w czerwcu
tvn24	"Wystarczyło przeczytać jedno zdanie, by stwierdzić, że to napisał Pilch"
tvn24	"Konsekwencje z tym związane dotkną wszystkich Polaków". Stowarzyszenia sędziowskie alarmują
tvn24	Do środka tylko z ważnym biletem, a w środku termometr. "Temperaturą brzegową jest 38 stopni"
tvn24	Stuhr: Jerzy Pilch był dla mnie uosobieniem komentarza świata. Chwin: wszystko prześwietlał poczuciem humoru
tvn24	Wiceminister sprawiedliwości ujawnia, ile osób przebywa w więzieniach za przestępstwa pedofilii
tvn24	Ostatni telewizyjny wywiad Jerzego Pilcha
tvn24	Jak zachowywać się na basenie, w kinie, na weselu? "Można byłoby sobie tego niedźwiedzia darować"
tvn24	Jerzy Pilch nie żyje. Pisarz, laureat Literackiej Nagrody Nike, miał 67 lat 
tvn24	Były policjant aresztowany za "napad stulecia" w Olsztynie. Za kratki trafił też jego brat
tvn24	Brzezińska-Hołownia: Nie znam osób tej samej płci, które planowałyby małżeństwo
tvn24	Ministerstwo Zdrowia: 333 nowe przypadki zakażenia w piątek, zmarło 13 osób
tvn24	Amerykański Black Hawk wylądował przed szpitalem w Drawsku Pomorskim 
tvn24	Ominął auta stojące przed pasami, przejechał obok pieszego. Na oczach drogówki
tvn24	Czy majątek żony premiera zostanie ujawniony? "Wszystko musi się odbywać zgodnie z przepisami"
tvn24	Biedroń wnioskuje do CBA o kontrolę w trzech instytucjach związanych z Szumowskim
tvn24	Włoski "przepis na miłość". Piosenka śpiewana po polsku zdobywa popularność
tvn24	Narodowe Centrum Badań i Rozwoju pod lupą. "Wykonawcy realizowali projekty w oderwaniu od potrzeb sił zbrojnych"
tvn24	Konstytucjonalistka o słowach rzecznika SN. "To brzmi bardzo niepokojąco"
tvn24	Pies-wandal dziurawił opony w samochodach
tvn24	Chcą wyrzucić KRS. Niebawem ostateczna decyzja
tvn24	Przyczepa pełna beczek porzucona przy drodze. Pobrali próbki, prokuratura wszczęła śledztwo
tvn24	Golem Davida Cernego wrócił po upadku i od razu został uszkodzony. "Szkoda. Co mogę zrobić" 
tvn24	Podczas prezentacji broni postrzelił policjanta i policjantkę. Zarzuty dla instruktora
tvn24	Rzecznik ministerstwa zdrowia: w najbliższych miesiącach możliwe badanie przesiewowe społeczeństwa
tvn24	Wicepremier Sasin po teście na koronawirusa. "Dbajmy o siebie i przestrzegajmy zasad bezpieczeństwa"
tvn24	Kradzionym busem uderzył w radiowóz i ściął betonową latarnię
tvn24	Fryzjerka zakażona koronawirusem. Jej klientki oraz ich rodziny objęte są kwarantanną
tvn24	Hermeliński: Takiej sytuacji nigdy nie było. Uchwały PKW były publikowane niemalże natychmiast
tvn24	"Na pierwszy rzut oka w mieszkaniu nikogo nie było". Poszukiwanego znaleźli w pionie z rurami
tvn24	Akcja CBA. Agenci weszli do blisko 30 miejsc w całej Polsce
tvn24	"Ktoś podjął polityczną decyzję, żeby Polskę w ten stan zamieszania wprowadzić"
tvn24	Szumowski zastępował ministra nadzorującego NCBR. Spółka, w której udziały ma jego rodzina, walczyła wtedy o miliony dotacji
tvn24	Sąd Najwyższy uchyla uchwałę w sprawie nominacji Macieja Nawackiego. KRS musi rozpoznać ją jeszcze raz
tvn24	"Wyimaginowana wspólnota" da Polsce dziesiątki miliardów euro. Prezydent i premier się cieszą
tvn24	"Strach siedzi w głowie Jarosława Kaczyńskiego. PiS czuje, że niebawem straci władzę"
tvn24	"Jesteście elitą, która napełniła kieszenie ministra pieniędzmi, cenzuruje piosenki, bije ludzi na protestach"
tvn24	Kwestionował status Zaradkiewicza. Jest postępowanie dyscyplinarne wobec sędziego Żurka
tvn24	Wniosek o wotum nieufności wobec Jacka Sasina odrzucony
tvn24	"Panie prezesie, niech pan uważa na Ziobrę"
tvn24	"PiS jest mistrzem świata w przeprowadzaniu wyborów, które się nie odbyły" 
tvn24	Był skazany na dożywocie, został uniewinniony od zarzutu zabójstwa. Sąd: precedens dla polskiej kryminalistyki
tvn24	Ograniczenia, nakazy i zakazy w "nowej normalności". Jest projekt rozporządzenia
tvn24	"Piłka jest po stronie opozycji" kontra "wybory mają być wyborami, a nie farsą"
tvn24	GIS: pracownicy sanitarni nałożyli kary w łącznej wysokości ponad 15 milionów złotych
tvn24	Ministerstwo Zdrowia: ponad 350 nowych przypadków w czwartek, 10 osób nie żyje
tvn24	Wyczekany i nagrodzony. Pierwszy chłopiec na wsi od 10 lat w gościach u wójta
tvn24	Szumowski: żona powiedziała "jak chcesz, mogę ujawnić majątek", analizujemy to
tvn24	70 milionów za wybory, których nie było. Jest zawiadomienie do prokuratury
tvn24	Ognisko koronawirusa w parafii, zakażeni księża. Proboszcz do wiernych: zgłaszajcie się do sanepidu
tvn24	Politycy Porozumienia, Łukasz Szumowski, premier Mateusz Morawiecki. Seria spotkań w siedzibie PiS
tvn24	Pies w typie amstaffa pod opieką 13-latki. Pogryzł dwoje dzieci w ciągu kilku godzin
tvn24	W tej fabryce niemal co trzecia osoba zakażona jest koronawirusem. Szukają nowych pracowników
tvn24	"Bez krzyków!". Japońskie parki rozrywki przygotowują nowe wytyczne przed otwarciem
tvn24	Jest decyzja sądu w sprawie zażaleń na działania CBA wobec Mariana  Banasia
tvn24	Biedroń wysyła Sasinowi fakturę. Mówi o "bizancjum PiS-u"
tvn24	"Niech opozycja nie stawia warunków, bo warunki to myśmy postawili"
tvn24	"Wydobyte rzeczy wskazują na to, że to szczątki kobiety. Podobne okulary nosiła Joanna Gibner". Zaginęła 24 lata temu
tvn24	Uciekające auto bez kierowcy na "ekspresówce"
tvn24	Ojciec i syn jechali ciągnikiem, uderzył w nich piorun
tvn24	Rząd otworzy place zabaw. "Liczymy na zdrowy rozsądek"
tvn24	"PiS wykorzystuje każdą okazję do ograniczenia praw kobiet". W sejmowej komisji o klauzuli sumienia
tvn24	Kiedy nastąpi otwarcie granic? Wiceminister podaje możliwą datę
tvn24	Czołowe zderzenie, nie żyje 22-latek. "Jechałem prosto, a on zjechał na mój pas"
tvn24	Duda i Bolsonaro rozmawiali o skutkach pandemii COVID-19
tvn24	Bosak: nie potrzebujemy 63 miliardów od Unii Europejskiej
tvn24	Chińczycy nie zapomnieli o pięknej ceramice. Duże zamówienie z Bolesławca trafi do Wuhanu
tvn24	Uderzył w autobus, a ten zmiótł przystanek. Kierowca trafił do aresztu, grozi mu 12 lat więzienia
tvn24	Na schodach przed komendą policji zapalił skręta z marihuaną. Bo "poczuł wewnętrzną potrzebę"
tvn24	Związki wyznaniowe mają być beneficjentami kolejnej tarczy. "Zabierać pracownikom, dawać biznesom kościelnym"
tvn24	"Im szybszy termin, tym lepiej. 28 czerwca wydaje się rozsądnym terminem"
tvn24	Sejmik województwa lubelskiego odrzuca skargę RPO w sprawie "ideologii LGBT"
tvn24	Najpierw zmarł mężczyzna, kilka dni później jego żona. Sąsiedzi słyszeli stukanie, ale myśleli, że to remont
tvn24	Nowy sondaż prezydencki. Trzaskowski goni Dudę
tvn24	Cztery godziny w komisariacie, 71 pytań do studentki. Bo poskarżyła się uczelni, że profesor narzuca im radykalne poglądy
tvn24	Protest przedsiębiorców i interwencja w PKP Intercity. "Niepokojące informacje"
tvn24	"Ewidentnie strach panuje w obozie władzy"
tvn24	Tusk: Rządzący są kompletnie bezradni. To ciamajdy, którym wszystko leci z rąk
tvn24	"Odmrażanie" na raty. Jakie obostrzenia nadal obowiązują?
tvn24	Maseczki wycofane z 18 krajów zostaną zniszczone. "Nie nadają się dla pracowników ochrony zdrowia" 
tvn24	"Tu nie wystarczy Trybunał Stanu. Myślę, że zapadną srogie wyroki"
tvn24	"W pamięci zostało mi uczucie zastraszenia, presji, bezradność"
tvn24	"Polacy oczekują, że pierwszy prezes Sądu Najwyższego nie będzie miał nic wspólnego z polityką"
tvn24	Marszałek Senatu odpowiada marszałek Sejmu. "Nie ma tu żadnej obstrukcji"
tvn24	Trzaskowski: im bardziej PiS mnie będzie atakował, tym będę silniejszy
tvn24	"Nie wystarczy czekać, aby osoby zranione w Kościele nas znalazły. Trzeba zrobić wszystko, aby do tych osób wyjść"
tvn24	"To może być cywilizacyjna katastrofa dla Polski" 
tvn24	Posłowie Koalicji Obywatelskiej: Szumowski przez 56 dni zastępował osobę nadzorującą NCBiR
tvn24	Brejza pyta o raport podkomisji Macierewicza. "Na skutek stanu pandemii publikacja musiała zostać przesunięta"
tvn24	We Włoszech najniższa dobowa liczba zmarłych od niemal trzech miesięcy
tvn24	Magdalena K. wystąpiła o azyl polityczny. Powołała się m.in. na sytuację w Sądzie Najwyższym
tvn24	Marek Safjan dla TVN24: istnieje próba przejęcia Sądu Najwyższego
tvn24	Manowska: dołożę starań, aby Sąd Najwyższy był ostoją niezależności. Kwiaty od prokuratora krajowego
tvn24	Ponad 400 telefonów do sanepidu, 29 dni bez rodziny
tvn24	445 potwierdzonych przypadków zakażenia we wtorek. Zmarło 17 osób
tvn24	"Wysyłanie nauczycieli do zbioru truskawek przez ministra Ardanowskiego kojarzy się z akcjami w Uzbekistanie"
tvn24	"Dlaczego nasze kobiety obsługują Ukraińców?". Najpierw obrażał, potem chciał się bić
tvn24	Wypadł z drogi, uderzył w ogrodzenie. Nie żyje 20-latek
tvn24	Księża mieli odmówić podpisania listu poparcia dla biskupa Janiaka. "To bezprecedensowa sytuacja" 
tvn24	Sędzia Zaradkiewicz do sędziego Stępkowskiego: jesteśmy przed kamerami, teraz nie rozmawiamy
tvn24	Otworzą się kina i teatry, wrócą koncerty plenerowe. Minister podał daty i warunki 
tvn24	"Pan nie ma głosu, a ja prowadzę obrady, więc bardzo proszę, żeby się pan uspokoił". Emocje w Sejmie
tvn24	Nowe zasady dotyczące noszenia maseczek
tvn24	Od soboty czwarty etap luzowania obostrzeń. Sprawdź, co się zmieni
tvn24	Chciał sprawdzić, czy mechanik dobrze naprawił auto. Skończyło się mandatem i utratą prawa jazdy
tvn24	"Hoss" dopiero co wyszedł, a już wrócił do aresztu. "Nie wiem, dlaczego to robią ze mną"
tvn24	Przeleciał autem nad rondem, ponad sześćdziesiąt metrów. Lotu, który widział cały świat, nie pamięta
tvn24	Zaatakował i zabił w kinie podczas seansu dla dzieci
tvn24	Grodzki: dopuszczam sytuację, w której nie będzie prezydenta po 6 sierpnia
tvn24	"Bo nie zabrał z przystanku jego partnerki". Zarzuty po ataku na kierowcę autobusu miejskiego
tvn24	Pijani turyści jeździli koparką po placu budowy i wspinali się na rusztowania
tvn24	Kto zapłaci za wybory, których nie było? Dera: może zbiórka wśród senatorów Platformy Obywatelskiej?
tvn24	Żona i córka uciekły przez okno. Matka 50-latka nie zdążyła. Mężczyzna usłyszał zarzut zabójstwa
tvn24	Wirusolog: Nie możemy powiedzieć, że pandemia w Polsce mija. Są dwa kraje, które podziwiam za walkę z nią
tvn24	Zamiast automatów komputery. Zamiast wygranych, może być nawet do 400 tysięcy kary
tvn24	Małgorzata Manowska i jej związki z polityką. "Pod rękę z Łukaszem Piebiakiem była twarzą bardzo radykalnych zmian"
tvn24	Egzamin ósmoklasisty 2020. Data i zasady przeprowadzenia egzaminów w czasie pandemii COVID-19
tvn24	Maseczki wycofane z 18 krajów zostaną zniszczone. "Nie nadają się dla pracowników ochrony zdrowia" 
tvn24	"Tu nie wystarczy Trybunał Stanu. Myślę, że zapadną srogie wyroki"
tvn24	"W pamięci zostało mi uczucie zastraszenia, presji, bezradność"
tvn24	"Polacy oczekują, że pierwszy prezes Sądu Najwyższego nie będzie miał nic wspólnego z polityką"
tvn24	Marszałek Senatu odpowiada marszałek Sejmu. "Nie ma tu żadnej obstrukcji"
tvn24	Trzaskowski: im bardziej PiS mnie będzie atakował, tym będę silniejszy
tvn24	"Nie wystarczy czekać, aby osoby zranione w Kościele nas znalazły. Trzeba zrobić wszystko, aby do tych osób wyjść"
tvn24	"To może być cywilizacyjna katastrofa dla Polski" 
tvn24	Posłowie Koalicji Obywatelskiej: Szumowski przez 56 dni zastępował osobę nadzorującą NCBiR
tvn24	Brejza pyta o raport podkomisji Macierewicza. "Na skutek stanu pandemii publikacja musiała zostać przesunięta"
tvn24	We Włoszech najniższa dobowa liczba zmarłych od niemal trzech miesięcy
tvn24	Magdalena K. wystąpiła o azyl polityczny. Powołała się m.in. na sytuację w Sądzie Najwyższym
tvn24	Marek Safjan dla TVN24: istnieje próba przejęcia Sądu Najwyższego
tvn24	Manowska: dołożę starań, aby Sąd Najwyższy był ostoją niezależności. Kwiaty od prokuratora krajowego
tvn24	Ponad 400 telefonów do sanepidu, 29 dni bez rodziny
tvn24	445 potwierdzonych przypadków zakażenia we wtorek. Zmarło 17 osób
tvn24	"Wysyłanie nauczycieli do zbioru truskawek przez ministra Ardanowskiego kojarzy się z akcjami w Uzbekistanie"
tvn24	"Dlaczego nasze kobiety obsługują Ukraińców?". Najpierw obrażał, potem chciał się bić
tvn24	Wypadł z drogi, uderzył w ogrodzenie. Nie żyje 20-latek
tvn24	Staranowali bramę i uderzyli w drzewo. A potem prawie się pozabijali
tvn24	Zawiadomiła policję, że zakażony mąż wyszedł z domu. Powód: sprzeczka, kara: 15 tysięcy złotych
tvn24	Miała rozpoznać zegarek ojca, nigdy się nie zgłosiła. Prokuratura jej szuka, by ustalić tożsamość zmarłego
tvn24	"Udało się odnaleźć pakiety wyborcze". Jeszcze kilka dni temu nikt "nie miał wiedzy", gdzie są
tvn24	Brakuje księży. Biskup zapowiada łączenie parafii
tvn24	Czekali na nich na drodze. Gdy kierowca się nie zatrzymał, ruszyli w pościg jak z filmu
tvn24	Sondaż prezydencki: Trzaskowski wyraźnie w górę, ale w II turze Duda miałby większy problem z kimś innym
tvn24	Ponad 400 zarzutów i 150 pokrzywdzonych. "Wykorzystywała dane klientów i podrabiała ich podpisy"
tvn24	Elektorzy porozsadzani na stadionie piłkarskim. Tak wybrali nowego rektora Uniwersytetu Wrocławskiego
tvn24	Grodzki o tym, kiedy ustawa wyborcza znów trafi do Sejmu
tvn24	"Stała się rzecz, która nie powinna mieć miejsca. Niesubordynacja". Losy oświadczenia 50 sędziów
tvn24	Otworzyli i zamknęli. Koronawirus w kolejnym przedszkolu
tvn24	"Musimy to zaufanie budować". Trzaskowski z żoną składają swoje oświadczenie majątkowe
tvn24	Policjanci świętowali mimo pandemii COVID-19. Sprawą zajęła się prokuratura i już ją zakończyła
tvn24	Lityński: mandat wyborczy nie obejmuje niszczenia obywateli
tvn24	"Mamy sytuację, kiedy do maratonu dołączył zawodnik na 30. kilometrze"
tvn24	"Mówimy o zaniku jakichkolwiek standardów uczciwości w tym rządzie"
tvn24	Rzecznik rządu: najpóźniej w środę ogłosimy terminy kolejnych etapów "odmrażania"
tvn24	Na przystanku potrącił kobietę i sam zginął. "Jego pojazd tylko na pierwszy rzut oka przypominał rower"
tvn24	Wzięli pod lupę oszustwa "na blik" i zatrzymali siedem osób. Nawet 200 poszkodowanych w całej Polsce
tvn24	"Wyrzuciła z pierwszego piętra 11-miesięcznego syna". Usłyszała dwa zarzuty usiłowania zabójstwa
tvn24	Uniwersytet "głęboko zaniepokojony" przesłuchaniami studentów. "To czynności ingerujące w autonomię"
tvn24	Szef policyjnych związków zapowiada złożenie petycji w Sejmie
tvn24	Profesor Simon: Absurdem jest mówienie, że mamy już wszystko za sobą. Jesteśmy dalej w centrum epidemii
tvn24	Wicepremier Sasin na kwarantannie. "Miałem kontakt z osobą zakażoną"
tvn24	"To nie jest normalny kraj, w którym obywatel jest postawiony sam na sam przeciwko władzy"
tvn24	Truskawki pozwoliłyby nauczycielom się testować? Minister rolnictwa: każdy bez pracy powinien tej pracy szukać
tvn24	"Jak wielka jest obawa przed przegraną w wyborach, że ta władza jest w stanie połasić się na Sąd Najwyższy?"
tvn24	"To, co zrobiła policja, jest karygodne. Zanegowała wolność wypowiedzi"
tvn24	Sędzia Wróbel: instytucja konstytucyjna, jaką jest pierwszy prezes Sądu Najwyższego, staje się politycznym łupem
tvn24	Praworządność warunkiem wypłat unijnych funduszy? Jourova: zrobię wszystko, by ten mechanizm był
tvn24	Aleksander Kwaśniewski wybrał kandydata z większą liczbą głosów. Wbrew temu, co twierdzi Andrzej Duda
tvn24	Manowska rezygnuje z funkcji dyrektora Krajowej Szkoły Sądownictwa i Prokuratury
tvn24	"Jeżeli nie akceptuje autorytetu i traktatów, to nie chce być członkiem Unii". Ostre słowa o polskim rządzie 
tvn24	Promotor doktoratu Andrzeja Dudy o procedurze wyboru pierwszej prezes SN. "Tu jest największy błąd"
tvn24	Ministerstwo Zdrowia: 341 przypadków zakażenia potwierdzonych w poniedziałek. 11 osób zmarło
tvn24	Zmarł w policyjnej izbie zatrzymań. Sprawę bada prokuratura
tvn24	Szumowski: nigdy nie nadzorowałem Narodowego Centrum Badań i Rozwoju
tvn24	"Wpadł w szał, zniszczył maczetą drzwi do kilku mieszkań"
tvn24	"Przy ulach leżały tysiące martwych pszczół. Żal każdej z nich"
tvn24	Profesor Zoll o wyborze nowej pierwszej prezes SN: system się domyka
tvn24	15-latek zabrał kolegów na przejażdżkę. Dachowali
tvn24	Apel polskich i niemieckich regionów. "Życie na granicy zamarło"
tvn24	Jest nowy dyrektor radiowej Trójki
tvn24	Od dziś szkoły są otwarte dla najmłodszych. Chętnych niewielu
tvn24	Spłonęła kamienica w centrum Krakowa, strażacy pokazują skalę zniszczeń
tvn24	Była podwładną Zbigniewa Ziobry. Obiecuje być "strażnikiem niezawisłości". Kim jest Małgorzata Manowska?
tvn24	Jechali motorowerami bez świateł, zderzyli się czołowo. 15-letni Kamil nie żyje, 16-letni Konrad trafił do szpitala
tvn24	"Przebadaliśmy 966 pracowników, 297 jest zakażonych"
tvn24	Mają 13 i 15 lat. "Kazali mężczyźnie wykopać sobie grób"
tvn24	Gehenna bliźniaczek spod Lęborka. Matka z zarzutem znęcania, jej partner podejrzany o usiłowanie zabójstwa
tvn24	Rowerem wjechał na autostradę. "Wracał do domu, na Łotwę"
tvn24	Kiedy zniesienie obowiązku noszenia maseczek na ulicach? "Trwają dyskusje" 
tvn24	Prezydent zdecydował o powołaniu Małgorzaty Manowskiej na pierwszego prezesa Sądu Najwyższego
tvn24	KO zapowiada wnioski o wotum nieufności wobec trzech ministrów. "Najbardziej skompromitowani ludzie tej władzy"
tvn24	Jacek Kurski wrócił do zarządu TVP. "Szczyt upokorzenia" Andrzeja Dudy
tvn24	Rzecznik rządu: Premier został przez swoje zaplecze źle poinformowany. Chciałem przeprosić za tę sytuację 
tvn24	"Polska jest wśród krajów Unii Europejskiej w najgorszej sytuacji, u nas ta epidemia jeszcze nie przygasa"
tvn24	W pobliżu torowiska znaleźli  martwego noworodka
tvn24	"Władza próbuje pokazać, że jednak jest trochę równiejsza wobec prawa"
tvn24	Prezydent powoła pierwszego prezesa SN. Sprawdzi, czy kandydaci "otwarcie prezentowali poglądy polityczne"
tvn24	Ma 103 lata i jest ozdrowieńcem. "Musiałam być niegrzeczna, bo mi Pan Bóg takich długich lat dał"
tvn24	"Musimy zacząć traktować COVID-19 jak dwie choroby. Jedna to ta, której się boimy, a druga to nosicielstwo"
tvn24	Profesor Hausner: być może trzeba zastanowić się nad podniesieniem niektórych podatków
tvn24	"To już naprawdę przypomina czasy komunizmu, kiedy ingerowano w emitowanie przebojów na antenie"
tvn24	Miała rower i transparent, tłumaczy dlaczego. "To moja osobista kontestacja niedobrej zmiany"
tvn24	"Panem kalendarza wyborczego jest w tej chwili Jarosław Kaczyński"
tvn24	Kozielewicz: była praktyka, że na pierwszego prezesa SN powoływana była osoba, która miała więcej głosów
tvn24	Plakaty wysłane do wszystkich polskich parafii. Mają zachęcić wiernych do kontaktu
tvn24	"Pojawił się niebezpieczny model, który sprzyja selektywnej opiece zdrowotnej"
tvn24	Ponad milion testów jednego dnia. W Wuhanie chcą przetestować wszystkich 
tvn24	Ministerstwo Zdrowia: prawie 400 zakażeń w niedzielę, zmarły trzy osoby
tvn24	80 policjantów prewencji z Wrocławia na zwolnieniach. "GW": Mieli jechać na protest przedsiębiorców do stolicy
tvn24	"Za poprzedniej władzy, za obecnej i za następnej, która przyjdzie, będzie takie samo działanie policji" 
tvn24	Z pewnymi obostrzeniami, ale można odwiedzać już gdańskie zoo. "Jest fajnie mimo pogody"
tvn24	"PiS ogarnął 'lepsizm'. Ich spotkania są lepsze niż kogokolwiek innego, ich przepisy nie obowiązują"
tvn24	Dziewięć osób z bazy lotniczej w Malborku z koronawirusem. "Jednostka działa normalnie"
tvn24	"W pralce zauważyli ludzką rękę". Tak 39-latek ukrył się przed policją
tvn24	Mniej niż dwa metry odstępu na spotkaniu. "Czynimy wszystko, żeby przepisy nie były łamane"
tvn24	Miała rower i transparenty, zabrali ją na komisariat. "Nie była traktowana jako uczestnik zgromadzenia"
tvn24	Premier: zalecenia to nie nakazy. Ustawa: istnieje obowiązek stosowania się do zaleceń
tvn24	Kiedy zostanie powołany pierwszy prezes SN? Spychalski: Dość szybko. Prezydent dostał pięć kandydatur
tvn24	Sytuacja w Polsce coraz gorsza. Projekt raportu i zapowiedź rozmów o praworządności w PE
tvn24	Wypadek na autostradzie. Nie żyją 19-latka i 23-latek. Policja szuka świadków
tvn24	"Piosenka Kazika była zapalniczką, która podpaliła rafinerię"
tvn24	Dwaj chłopcy potrąceni na chodniku. Policja: kierowca pijany, miał sądowy zakaz, uciekał
tvn24	Nawróceni, czyli lista przebojów
tvn24	Seniorka już spakowała 140 tysięcy złotych dla oszusta. Czujność zachowała synowa
tvn24	"W państwie demokratycznym władzy nie wolno więcej. Władzy wolno mniej"
tvn24	Na pasach między pieszymi. Posypały się mandaty dla kierowców 
tvn24	Od poniedziałku zmiany w szkołach. "Ludzie są wystraszeni i ja się im nie dziwię"
tvn24	"Pandemia już uderzyła w nasze dusze i serca"
tvn24	"Liczymy na głęboki namysł pana prezydenta". Wspólne oświadczenie 50 sędziów Sądu Najwyższego
tvn24	"Mamy po roku sytuację kalkę. Szumowski  zachował się dokładnie tak samo jak Morawiecki"
tvn24	"Moja papuga udaje domofon". Niespodziewany gość na antenie TVN24
tvn24	Wulgarny napis na drzwiach krakowskiego biura PiS. "My na pewno nie będziemy takich rzeczy akceptować"
tvn24	Obrady zakończone. Sąd Najwyższy wybrał kandydatów na pierwszego prezesa
tvn24	Judyta Sierakowska: Polacy lubią disco polo za rytmiczność, melodyjność, prosty tekst
tvn24	Ministerstwo Zdrowia: 316 nowych przypadków zakażenia w sobotę. Zmarło 11 osób
tvn24	"Będzie próbował trzymać nas w zamknięciu". Reakcje na pismo pełnomocnika Dudy do PKW
tvn24	Jeden stolik, cztery obce osoby, wśród nich premier. Morawiecki: te odległości są zalecane, ale nie nakazywane
tvn24	"Najpierw robi się hejt. Zamienia sędziów w bestie, w kasty, w komunistów, w złodziei". Całe wystąpienie sędziego Włodzimierza Wróbla
tvn24	Był wybitnym dyplomatą, służył trzem władcom, a pracę oferował mu też czwarty. Znaleźli jego grób
tvn24	Hałas w morskich głębinach. Tylko dlaczego ten dźwięk przypomina szorowanie gwoździem po blasze? (NAGRANIA)
tvn24	Terlikowski: Zaskakuje mnie bardzo słaba reakcja biskupów. Poza decyzją prymasa mamy milczenie
tvn24	Cieszyński: te same szpitale jednoimienne mogą zostać przywrócone na jesieni
tvn24	Została sama z synkiem. Sąsiedzi ruszyli z pomocą, przyszło 100 osób. "Zbudujemy im nowy dom"
tvn24	"Pamięć o tych ludziach miała zostać na zawsze zatarta". Jezioro odsłania ślady mrocznej historii
tvn24	16-latek ze strzałą w głowie trafił do szpitala
tvn24	 10 tysięcy kary i nagana dla dyrektora sanepidu. Za to, że był w parku, gdy obowiązywał zakaz
tvn24	Sondaż prezydencki: 35 procent badanych chce głosować na Andrzeja Dudę
tvn24	Pięć ugrupowań w Sejmie, zmiana na podium. Najnowszy sondaż partyjny
tvn24	Komisja do spraw pedofilii ma mieć siedmiu członków, na razie ma trzech. PiS zapowiada swoich kandydatów
tvn24	"To jest cena, jaką PiS i prezydent Duda płacą za walkę o wybory w maju"
tvn24	Dzielnicowy podejrzany o branie łapówek za zwolnienie z kwarantanny i przymykanie oka na jej łamanie
tvn24	Mówiła, że służy w amerykańskiej armii, on miał "tylko" opłacić jej paczkę. Stracił 50 tysięcy
tvn24	Biskup Janiak nie udzieli święceń kapłańskich
tvn24	"Od koronawirusa lepsza by już była wojna". Włochy walczą o zagranicznych turystów
tvn24	Poskarżyli się na drożyznę na cmentarzu papieżowi. Dostali odpowiedź
tvn24	Nowe zasady dotyczące wjazdu do Polski. Kto może przekroczyć granicę?
tvn24	"Sanepid wymierzył 10 tysięcy kary w kraju, w którym minimalne wynagrodzenie wynosi 2600 zł brutto"
tvn24	Marek Sekielski: Kościół czym dłużej będzie zwlekał, tym większe straty poniesie
tvn24	Sędzia Wróbel: Bastion sprawiedliwości musi tu pozostać. Po to tu siedzimy
tvn24	Postrzelona 35-latka nie żyje. Będzie zmiana zarzutów dla byłego partnera
tvn24	Paulina Kosiniak-Kamysz: będziemy walczyć do samego końca
tvn24	Girzyński: mam nadzieję, że sztab prezydenta wyciągnie wnioski z wyników sondażu 
tvn24	Dziesiątki ludzi przed siedzibą Trójki. Nie było emisji nowego notowania listy przebojów, które wygrał Kazik
tvn24	"Postępowanie Rosji było konsekwentnym działaniem, zmierzającym do pozbawienia traktatu realnego znaczenia"
tvn24	"Wyżej wymienione aktywności należy wyjaśnić". Pełnomocnik Dudy zawiadamia PKW 
tvn24	Rozstrzygnięcie programu "Kultura w sieci". 2223 artystów otrzyma stypendia
tvn24	Politycy PiS o spadku poparcia dla Andrzeja Dudy. "Sondażami nikt wyborów nie wygrał ani nie wygra"
tvn24	Ministerstwo Zdrowia: 476 potwierdzonych przypadków zakażenia w piątek. 10 osób zmarło
tvn24	"Hoss" wyszedł z aresztu i od razu pojechał na komisariat
tvn24	"Na Panu spoczywa szczególna odpowiedzialność za słowo". List Bodnara do Morawieckiego ws. wypowiedzi o UE
tvn24	Minister Szumowski w siedzibie PiS. "Każdy może tu przyjechać"
tvn24	Kamiński: jeżeli ktoś ośmieli się podnieść rękę na polskiego policjanta, nie może liczyć na bezkarność
tvn24	Szumowski: W sytuacji zgromadzenia nie jest możliwe opanowanie ogniska wirusa. To się rozleje falą na nas wszystkich
tvn24	Miał do odsiadki 20 lat za oszustwo przy sprzedaży telefonu. Zmniejszyli mu karę czterokrotnie
tvn24	Laserem w lądujące F-16. "Draństwo, głupota i bezmyślność w jednym"
tvn24	Pojechali do płonących nieużytków, znaleźli nieprzytomnego mężczyznę z ranami kłutymi
tvn24	Gdzie są pakiety wyborcze? Szef PKW nie wie. Poczta ich nie ma
tvn24	Posłowie opozycji po kontroli o Szumowskim: syndykat dziwnych interesów
tvn24	"Zatrzymali mężczyznę podejrzewanego o wykorzystywanie seksualne 13-letniej dziewczynki"
tvn24	Zamiast samochodu, czyściła na myjni psa. "Wył z bólu, żal było patrzeć"
tvn24	Uchwała PKW czeka na publikację. "Prowadzimy pewne analizy"
tvn24	"Oświadczyli, że nie lubią damskich bokserów i pobili ofiarę na śmierć"
tvn24	24 mln zł dla projektu, w którym Łukasz Szumowski miał pełnić kluczową rolę
tvn24	Iustitia oceniła kandydatów na pierwszego prezesa Sądu Najwyższego
tvn24	W centrum miasta, w dzień bił bezdomnego. "Nikt się nie zatrzymał, nie zadzwonił na policję"
tvn24	W filmie Sekielskich "zobaczył siebie". Przerywa milczenie, składa zawiadomienie do prokuratury
tvn24	Kichał i pluł na policjantów. Grzywna pięć tysięcy złotych
tvn24	Po wilku Miko została tylko obroża. Prokuratura umarza śledztwo
tvn24	Borowski: jestem za tym, by w środę Senat zakończył prace nad ustawą o wyborach
tvn24	"Jest jeden człowiek, który jest bardziej równy wobec prawa. I to jest piosenka o równości wobec prawa"
tvn24	23 osoby zakażone w łódzkim szpitalu. "Zaczęło się od dwóch pacjentów"
tvn24	Dworczyk: staliśmy się ofiarą podkupienia sprzętu przez jeden z innych krajów europejskich
tvn24	"Widzieliśmy, że będzie źle. Że policja zmusza nas do tego, o co za chwilę będzie nas oskarżała"
tvn24	Konie "nie miały wymienianej ściółki w boksach przez pięć miesięcy. To rzecz, którą się robi raz w tygodniu"
tvn24	"Pieniądze, które zarobi, z pewnością wzbudzają zazdrość niejednego muzyka. Ktoś zrobił Kazikowi wielki prezent"
tvn24	Nowy sondaż prezydencki. Spadek poparcia dla Andrzeja Dudy o 20 punktów procentowych
tvn24	Hołownia o "zniewadze" prezydenta. "Nie wiem jak on teraz się czuje, patrząc na uśmiech Jacka Kurskiego"
tvn24	"Ustawa o jawności majątków rodzin polityków nie działa, bo politycy PiS nie chcą zdradzać wszystkiego"
tvn24	"Złożyłem wezwanie przedprocesowe do władz Polskiego Radia i Telewizji Polskiej"
tvn24	Kontrola zlecona przez CBA: Marcin Szumowski jako "najbardziej skrajny przykład braku unikania konfliktu interesów"
tvn24	Sześć godzin dyskusji, szereg propozycji poprawek. W Senacie o ustawie o wyborach prezydenckich
tvn24	Czy Andrzej Duda jest lepszym prezydentem niż Lech Kaczyński? Minister odpowiada
tvn24	405 potwierdzonych nowych zakażeń w czwartek, 10 osób nie żyje. Łącznie ponad 20 tysięcy zakażonych w Polsce
tvn24	Posłowie KO: jest kolejna firma związana z rodziną Szumowskich, która otrzymała miliony
tvn24	Zwolniona położna do pracy nie wróci. "Warunki wywołały moje oburzenie"
tvn24	Złapali go po pościgu w samochodzie za blisko pół miliona. Podejrzewają, że ukradł więcej luksusowych aut
tvn24	Powołano dwóch kolejnych członków komisji do spraw pedofilii
tvn24	Ponad dwa tysiące tajemniczych beczek na nielegalnym składowisku. Policja szuka właściciela i apeluje
tvn24	Była kontrola poselska, audyt też. Stan zwierząt ze stadniny w Janowie Podlaskim ocenią teraz eksperci
tvn24	W Łodzi uczniowie nie wrócą do szkół. Urzędnicy nie wykluczają kolejnych testów przesiewowych
tvn24	Weszli w góry w Polsce, wyszli na Słowacji. Muszą przejść 14-dniową kwarantannę
tvn24	Premier zdradził prawdopodobną datę wyborów. "Chcemy wypełnić nasze obowiązki konstytucyjne"
tvn24	Trzaskowski: Ziobro stroszy pióra, ale tylko po to, by gnębić ludzi. Prokuratura powinna być niezależna
tvn24	Morawiecki: decyzje Szumowskiego, by kupować sprzęt, gdzie tylko się da, doprowadziły do lepszej sytuacji w Polsce
tvn24	Szukał zabytków, to, co znalazł, sprzedawał w sieci. Tak policjanci dotarli do archeologa amatora
tvn24	Przed epidemią "uciekli" na ocean. Po dwóch miesiącach żeglowania wrócili do domu
tvn24	Stracił panowanie nad autem, uderzył w ogrodzenie. Policja sprawdza, czy był pod wpływem narkotyków
tvn24	Zastępuję matkę osieroconym "słodkim kosmitom"
tvn24	"Bił kijem od szczotki i pięściami, kopał i rzucał na podłogę". Pies nie przeżył
tvn24	Już dawno powinien wyjść z więzienia, ale nigdy tam nie trafił. Przed policją próbował uciec na dach
tvn24	Wiceminister zdrowia: w ciągu tygodnia liczba zakażeń powinna istotnie zmaleć
tvn24	Ognisko koronawirusa w fabryce mebli. Ponad 150 zakażonych. Wojsko pomoże pobierać próbki od załogi
tvn24	Oszustwa "na pracownika wodociągów". Jeden puszcza wodę, drugi plądruje mieszkanie
tvn24	Kowalczewski: miałem informacje, że coś jest nie tak z Listą Przebojów. Nie chciał powiedzieć, od kogo
tvn24	"Ubojnie stanęły". Miliony zwierząt będą musiały zostać uśmiercone
tvn24	Długi weekend w Niemczech, Polacy wracają do domów. Kilkadziesiąt kilometrów korka na granicy
tvn24	Pani Franciszka ma 101 lat i pokonała koronawirusa. "Ciężko było"
tvn24	Bruksela wycofa półtora miliona wadliwych maseczek. Najwięcej z Polski
tvn24	Sekielski: Przez rok nie udało się nawet powołać komisji do spraw pedofilii. Winię za to nie tylko rządzących
tvn24	Bodnar: proces upolitycznienia Trójki i innych mediów publicznych postępuje, a my tylko oglądamy dramatyczne skutki
tvn24	"Powoływali się na wpływy w sądzie i więzieniu". Agenci CBA zatrzymali w Poznaniu trzy osoby
tvn24	"To nie miało prawa się zdarzyć". Filip zginął pięć dni przed ślubem, odpowie za to kierowca ciężarówki
tvn24	Nie żyje wędkarz, który wypadł z łódki na jeziorze 
tvn24	Wójcik: Komisja do spraw pedofilii ruszy. Dotknie wszystkich, co do których przestępstwa były umorzone
tvn24	NSA o ustawie w sprawie wyborów: zbyt wiele kwestii powierzono władzy wykonawczej i marszałkowi Sejmu
tvn24	Setki pytań do kandydatów na pierwszego prezesa Sądu Najwyższego. Bez "limitu czasowego na odpowiedzi"
tvn24	"Sam się postawił w pozycji, że jest podejrzewany o konflikt interesów"
tvn24	"Nie wolno nam zapominać o wszystkich pozostałych chorych, którzy nagle nie przestali chorować"
tvn24	Wydawca Kazika: absolutnie nie spodziewałem się takiej burzy
tvn24	Kaczyński: Minister zdrowia stał się ikoną skutecznej walki z koronawirusem. Zrobił dla Polski bardzo wiele dobrego 
tvn24	"Polska w wielu kwestiach przypomina dziś Watykan"
tvn24	"Artysta zdołał zmusić polityków do maksymalnego strachu i histerycznej reakcji. Dzieje się tak, gdy trafia w sedno"
tvn24	"To są być może elementy nacisku, które zmuszają ministra Szumowskiego do ciągłej zmiany zdania"
tvn24	Posłanki skontrolowały stadninę w Janowie Podlaskim. "To pokazuje skalę upadku"
tvn24	Piotr Baron: nie poprowadzę Listy Przebojów Trójki
tvn24	Ministerstwo Zdrowia: 471 nowych przypadków zakażeń potwierdzonych w środę, 14 osób zmarło
tvn24	"Pokonałem dziada". Emerytowany policjant opowiada, jak zwalczył koronawirusa
tvn24	Lewica o "maseczkach, które możemy wysłać w kosmos", KO chce zbadania oświadczeń Szumowskiego
tvn24	Ministerstwo kupiło testy za 108 milionów. Głównie za pośrednictwem jednego dostawcy i spoza Polski
tvn24	Apele o powszechne testy dla pracowników oświaty. "Musimy być w stu procentach pewni"
tvn24	Kaczkowski, Stelmach, Łukawski odchodzą z Trójki. "Dziękuję państwu za 23 lata życia, bo radio to życie"
tvn24	Szpital nie przyjął zakażonych pensjonariuszy DPS. Prokuratura: śledztwa nie będzie 
tvn24	Kilkadziesiąt zakażeń w ośrodku rehabilitacyjnym. Personel nie opuszcza pacjentów, w izolacji są od kwietnia
tvn24	Przyjechali gasić pożar, znaleźli mężczyznę z ranami kłutymi
tvn24	Amerykanka podejrzewa, że może być zaginionym  w Polsce dzieckiem. "Rozstrzygające będą testy genetyczne"
tvn24	Prokuratura już zna tożsamość kobiety, której rozczłonkowane ciało zabójca porzucił na polu
tvn24	Pierwsze urodziny sześcioraczków z Tylmanowej. Sześć tortów, sześć świeczek, sześć razy "sto lat"
tvn24	Prezydent podpisał ustawę antyprzemocową. Pozwala na szybkie izolowanie sprawcy 
tvn24	Przerwana konferencja, pytania o majątek ministra Szumowskiego i wiadomość "od Sławomira Neumanna"
tvn24	Szukali w lesie skradzionego samochodu, znaleźli dwa
tvn24	Wiceminister zdrowia: kolejne maseczki nie spełniają norm
tvn24	Zakrwawiony policjant przeszedł 20 kilometrów. Przełożeni mu nie wierzyli, ale zarzutów nie będzie
tvn24	Gacek: Autorskie radio to było coś, co wyróżniało Trójkę. "Ten SMS to zakończył"
tvn24	OKO.press: wspólny biznes ministra Szumowskiego i jego żony z aresztowanym twórcą piramidy finansowej
tvn24	Przeszukania w związku ze śledztwem w sprawie zakupu maseczek przez resort zdrowia
tvn24	Trzech lekarzy z kardiologii zakażonych koronawirusem, przebadali 140 osób. Są już wyniki
tvn24	Władza PiS wykorzystuje media państwowe? Gliński: Tak. Nie bądźmy hipokrytami
tvn24	"System oświadczeń majątkowych w Polsce jest w zasadzie systemem zupełnie niewydolnym"
tvn24	221 km/h na liczniku. Spieszył się na spotkanie, czujność stracił z powodu rozmowy telefonicznej
tvn24	Scheuring-Wielgus: Trzaskowski nie jest zagrożeniem dla Biedronia. Nie było pomysłu zmiany kandydata
tvn24	Braun: to, co się stało w Trójce, pokazuje szczyt tego, co się tam dzieje
tvn24	Rekrutacja do szkół ponadpodstawowych 2020 - terminy i harmonogram 
tvn24	"Specjalizowali się w środkach ochrony roślin i materiale siewnym". Grozi im do 15 lat więzienia
tvn24	Stadko kaczek wróciło do "domu" w policyjnej eskorcie
tvn24	Kontrowersje wokół zakazu zgromadzeń. "To stan, którego nie rozpoznaje nasza konstytucja"
tvn24	"O charakterze wulgarnym i obelżywym". Prokuratura zajmuje się wpisem dotyczącym Andrzeja Dudy
tvn24	"Kiedyś być może nazywano to propagandą, dziś narracją. Wszyscy stosują narrację"
tvn24	Miasta nad przepaścią. "Obawiam się najbliższych miesięcy"
tvn24	Marcinkiewicz: Kaczyński pozwolił PiS-owi na chapanie, oni grabią pod siebie. Służby mają parasol ochronny nad tym
tvn24	Piotr Metz pokazuje SMS-a i odchodzi z Trójki. "Wewnątrz gotuje się w nas ogromny gniew"
tvn24	"Andrzej Duda komfortowo się w tym bałaganie czuje"
tvn24	Kierowca miał 11 lat, a pasażer 8. "Matka zapewniała, że syn umie jeździć samochodem"
tvn24	Poseł PiS radzi rządowi: więcej pokory i troszeczkę mniej naiwności
tvn24	"Data wyborów będzie dokładnie taka, jak chce PiS" kontra "to nie upór PiS, to wynika z sytuacji"
tvn24	"To jest gigantyczna afera. Nie za 5, za 10, tylko ponad 140 milionów złotych"
tvn24	"Kiedy zagrożona jest wolność kultury, wolność sztuki, prezydent powinien przedstawić swój pogląd" 
tvn24	Pompował oponę, ta wystrzeliła. Mężczyznę zabrał śmigłowiec LPR
tvn24	Film braci Sekielskich "Zabawa w chowanego" w TVN. Emisja w czwartek o godzinie 21.35
tvn24	Ministerstwo Zdrowia: 383 nowe przypadki zakażeń we wtorek, 12 osób zmarło
tvn24	Gawkowski po okrągłym stole podał, kiedy "najprawdopodobniej" odbędą się wybory prezydenckie
tvn24	Kępno otworzyło, ale już zamyka przedszkola. Burmistrz tłumaczy dlaczego
tvn24	Kazik: żądam wycofania piosenki "Twój ból jest lepszy niż mój" z notowania Listy Przebojów Trójki
tvn24	Koalicja Obywatelska zapowiada wniosek do CBA w sprawie oświadczeń majątkowych ministra zdrowia
tvn24	Oszukana 72-latka zostawiła w krzakach 25 tysięcy. Przed oszustem znalazł je emerytowany policjant 
tvn24	Szumowski: uchylenie zakazu zgromadzeń będzie w ostatnim z etapów
tvn24	Matura i egzamin ósmoklasisty. Minister zdradza szczegóły testów i nowy harmonogram rekrutacji
tvn24	Czy można śpiewać o Jarosławie Kaczyńskim? Terlecki odpowiada 
tvn24	Szumowski: Nie miałem konfliktu interesów. Jako minister nie posiadałem żadnych akcji
tvn24	Usłyszał 46 zarzutów. 45 dotyczy zuchwałych kradzieży, jeden znęcania się nad szczeniakiem
tvn24	Bojkot radia, "pogarda władzy", "represje wobec wolności słowa". Zagraniczne media #PisząoPolsce
tvn24	Stępkowski: należy uniknąć zmiany regulaminu Sądu Najwyższego
tvn24	Miał wyrok, do więzienia pójść nie chciał. Przed policją schował się w sianie
tvn24	Brejza: Prezes Trybunału Konstytucyjnego "broni dzielnie informacji o kosztach najmu słynnego apartamentu"
tvn24	Szalał po ulicach miasta, namierzali go internauci. Gdy go znaleźli, spał za kierownicą. "Od razu rzucił się do ucieczki”
tvn24	Premier miał zlecić kupno maseczek. "Finansowanie polecenia nastąpi ze środków budżetu państwa"
tvn24	Miał porwać matkę z dzieckiem, a potem zniknął w lesie. Policja znalazła 24-latka w skrzyni łóżka
tvn24	"Jechał od lewej do prawej, musiałem coś wymyślić". Zatrzymał pijanego kierowcę i wezwał policję 
tvn24	Tragiczny wypadek w skateparku. 16-latek uderzył głową w betonową ławę, zmarł w szpitalu
tvn24	Donald Trump wspomniał Jana Pawła II w 100. rocznicę urodzin papieża
tvn24	Poślizgnął się, spadł w przepaść i zginął na miejscu. Tragedia na Rysach
tvn24	Emilewicz o maseczkach niespełniających norm: liczyła się każda godzina
tvn24	Dopłynęli do miasta, zrobili zakupy i ślad po nich zaginął. Przy brzegu znaleziono pustą łódkę
tvn24	Stopniowe odmrażanie sądów. Powrót posiedzeń jawnych, więcej spraw o charakterze pilnym
tvn24	LOT wznawia połączenia pasażerskie. "Plan obejmuje kilka etapów"
tvn24	"Ludzie w sztabie prezydenta na pewno nie są zadowoleni z sytuacji" w Trójce
tvn24	"Podważane są konstytucyjne fundamenty władzy sądowniczej"
tvn24	"Przewrócili na ziemię, wykręcili mi ręce i wynieśli jak worek z ziemniakami"
tvn24	Sekielski: pierwsze spotkania z bohaterami filmu przynosiły kolejne wstrząsające informacje 
tvn24	Ministerstwo przyznało: sprowadzone z Chin maseczki nie spełniają norm
tvn24	"Jan Paweł II bardzo was kochał". Przesłanie papieża Franciszka do młodzieży
tvn24	"Opieka zdrowotna w Polsce jest w stanie zapaści"
tvn24	"Wyborcza": spółka brata i żony ministra Szumowskiego tysiąckrotnie zwiększyła swoją wartość
tvn24	Terlikowski: film Sekielskich pokazuje strukturę zła
tvn24	RPO o proteście przedsiębiorców: zakaz organizacji zgromadzeń może być niekonstytucyjny
tvn24	Szkoły szykują się na gorący czerwiec. "Mam mieć świetlicę, konsultacje, matury, egzaminy i reżim sanitarny. Jak?"
tvn24	Niedźwiecki, Wrona, Kydryński, Mazolewski. Pożegnania z Trójką
tvn24	Chorzy na COVID-19 na Dolnym Śląsku dostają osocze ozdrowieńców. "Rozszerzamy program"
tvn24	Samochód zderzył się z miejskim autobusem. "Nie zauważył mnie mimo gabarytu"
tvn24	Ministerstwo Zdrowia: 356 nowych przypadków w poniedziałek, 11 osób nie żyje
tvn24	Były testy dla zmotoryzowanych, teraz są też dla pieszych i rowerzystów. Ruszyło mobilne centrum walk-thru
tvn24	Kilkoro pensjonariuszy wzięły rodziny. Resztę wywieźli do innych placówek i oddziałów psychiatrycznych
tvn24	Rzecznik Praw Dziecka powołał pierwszego członka komisji do spraw pedofilii
tvn24	Podczas budowy domu znalazł "coś interesującego". To cmentarzysko sprzed ponad 2 tysięcy lat 
tvn24	Pamiętał czasy Łokietka, ale teraz nie wypuścił ani jednego liścia. Jego historia się jednak nie kończy
tvn24	Pojechał ze znajomymi zobaczyć kamieniołom. Poślizgnął się i wpadł do wyrobiska
tvn24	Pani Teresa ma niemal 103 lata. Pokonała koronawirusa i wyszła ze szpitala. "Ma w sobie sporo energii" 
tvn24	"Kradli luksusowe samochody, używając metody na walizkę"
tvn24	"Parę propozycji, czym można by wydanie Listy Przebojów wypełnić". Hołownia wymienia pięć nazwisk
tvn24	65-latek został pobity i okradziony, nie przeżył. Dwie osoby z zarzutami zabójstwa
tvn24	Przebadali ponad 650 osób w największym domu pomocy w Polsce. Było nerwowe oczekiwanie, są wyniki
tvn24	"Minister kupiłby w tym czasie maseczki nawet od diabła"
tvn24	Ponad 2300 górników z kilkunastu kopalń zakażonych. Wydobycie ma wracać powoli
tvn24	Uderzył w drzewo i wbił się w betonowy słup. Nie żyje trzech chłopców, mieli 15 i 16 lat. Jeden z nich kierował
tvn24	"To, co opisał Kazik, jest niebezpieczne dla PiS-owskiej ideologii. Z jednego, bardzo istotnego powodu"
tvn24	Szumowski: epidemia nie znika, być może mamy dołek w jej przebiegu
tvn24	"Jak PiS dostało do ręki mechanizm, aby ograniczyć prawa obywatelskie, to z tego korzysta"
tvn24	"Nie wyobrażam sobie, że PiS będzie chciało zrobić farsę z wyborów i dać godzinę na zebranie podpisów"
tvn24	Było "mayday, mayday" i informacje o nisko lecącym samolocie. Nie znaleźli jednak ani maszyny, ani pilota
tvn24	Artur Rojek o sytuacji w Trójce: brak szacunku do słuchaczy, do dziennikarzy, do artystów
tvn24	Podczas kwarantanny wyszła do sąsiada i po karmę dla psa. Teraz musi zapłacić 20 tysięcy złotych
tvn24	Zwolnieni z obowiązku kwarantanny po przekroczeniu granicy. "W końcu zobaczymy swoich bliskich"
tvn24	Reakcja na sytuację w Trójce to "niezauważalne przejście społeczne na drugą stronę"
tvn24	"Nie zapłacił za pokój w hotelu i zniknął, razem z telewizorem"
tvn24	Zginął motorowerzysta, kierowca odjechał. Policjanci znaleźli auto, a kilkaset metrów dalej ciało mężczyzny
tvn24	"Nie wiem, co zrobię dalej, nie mam pojęcia". W Polsce rośnie bezrobocie
tvn24	Schetyna: nic nie zabije Platformy Obywatelskiej
tvn24	"Nikt nie uczynił więcej, by wyeliminować plagę antysemityzmu". Naczelny rabin Polski o Janie Pawle II
tvn24	"Skromny chłopiec z Wadowic", który stał się "jedną z najważniejszych postaci XX wieku"
tvn24	Te "płuca" powinny być zielone, a są czerwone
tvn24	Życie seksualne Polaków w czasach pandemii. Więcej pornografii, ale i przemocy
tvn24	Trzeci etap "odmrażania" gospodarki wchodzi w życie. Lista zmian
tvn24	"Miałem wrażenie zdumiewającej zupełnie chwiejności przywódcy obozu władzy"
tvn24	"Im większa paleta kandydatów po stronie opozycji, tym większe są szanse na wygraną z Andrzejem Dudą"
tvn24	Wojciech Mann o unieważnieniu głosowania w Trójce: cała ta historia jest na samym dole drabiny strachu
tvn24	Trzaskowski: PiS całkowicie skompromitował ideę normalnej, niezależnej informacji
tvn24	"Proszę o nieprezentowanie moich utworów do odwołania". Artyści oburzeni decyzjami władz Trójki
tvn24	Uczestnicy protestu karani za niezachowanie dystansu. Rzecznik przedsiębiorców: wyjątki powinny się zdarzać 
tvn24	Nowy kandydat - nowy układ sił? Porównujemy sondaże prezydenckie
tvn24	"Urodzony Górol" i łańcuszek transakcji, który doprowadził do zakupu bezużytecznych maseczek
tvn24	Wicepremier Emilewicz o "skandalu" w Trójce, chce wyjaśnień. Jest reakcja szefa Rady Mediów Narodowych
tvn24	W niedzielę 272 potwierdzone przypadki zakażenia koronawirusem. 10 osób nie żyje
tvn24	Płonęło wysypisko śmieci, dym był widoczny z daleka. Ogień gasiło 60 strażaków 
tvn24	Rośnie liczba zakażeń pracowników kopalń na Śląsku
tvn24	Potężny wybuch w piwnicy. Jedna osoba poważnie ranna, pięć rodzin nie może wrócić do domu
tvn24	Trzaskowski: Wszystko wymaga nowej polityki. Polska pogrążyła się w totalnym chaosie
tvn24	Ponad 600 osób na kwarantannie w powiecie pilskim. "Zła passa trwa"
tvn24	"Można zadać sobie pytanie, czy chcemy słuchać rapującego Dudy, czy Kazika?"
tvn24	Znalezioną kartą płacił na lewo i prawo. 69 razy
tvn24	Chór w czasach zarazy. Zaśpiewali w maseczkach w pustym kościele
tvn24	"Kazik ma szczególny dar do rozdawania celnych kuksańców"
tvn24	Wyrwał starszej kobiecie torebkę i poszedł z partnerką na zakupy. Oboje staną przed sądem
tvn24	Wszystkie głupstwa tego świata
tvn24	Tony zabytków wydobytych z wody. "To naprawdę kapitalne znaleziska"
tvn24	"Człowiek dopiero w jakimś wieku musi przejść wewnętrzną przemianę i dojrzeć do tego, żeby zacząć otwarcie mówić"
tvn24	"Jesteśmy skazani na dyktaturę miernot. Miernoty nie współczują, miernoty ukrywają"
tvn24	Emilewicz pisze do Porozumienia. "Dzisiaj potrzebujemy nowej formuły"
tvn24	Transmisja mszy świętej w tvn24.pl
tvn24	Otwarte salony fryzjerskie, restauracje, nowe zasady przekraczania granic. Jest nowe rozporządzenie rządu
tvn24	"Trzaskowski jest kandydatem wielkich aglomeracji. Warszawa to nie cała Polska"
tvn24	Minister Gliński o pomocy dla artystów. Reżyser: piękne słowa, ale brzydka rzeczywistość
tvn24	Prokuratura: w zeszłym roku Arkadiuszowi H. postawiono zarzuty
tvn24	Senator w policyjnym aucie. "Wszedł do radiowozu i nie chce go opuścić" kontra "policja kłamie"
tvn24	"Typowi Janusz i Grażyna" podbili serce statystycznego Kowalskiego. Poważne badania o śmiesznych memach
tvn24	Manuela Gretkowska: są tak zmanipulowani, że doprowadzają do własnego upadku i upadku Polski
tvn24	"Pora, żebyśmy skutecznie wyspowiadali Kościół z jego grzechów". Politycy o filmie Sekielskich
tvn24	Ministerstwo Zdrowia: 241 nowych przypadków zakażenia w sobotę, osiem osób zmarło 
tvn24	"Nagrania do filmu były swego rodzaju terapią"
tvn24	Owsiak: Sprawa zostanie doprowadzona do samego końca. Mamy już nowe maseczki
tvn24	Pozwy w sprawie wyborów, których nie było. Bosak chce, żeby Sasin zapłacił pięć milionów złotych
tvn24	Ksiądz przenoszony z parafii do parafii molestował kolejne dzieci. Co pokazuje film "Zabawa w chowanego"?
tvn24	"Od poniedziałku, wtorku będzie można wracać do pracy w kopalniach"
tvn24	"Nie dochowano obowiązujących w Kościele standardów". Reakcja prymasa na nowy film Sekielskich
tvn24	Nad ranem dwaj chłopcy spadli z dachu. 17-latek nie przeżył, 16-latek trafił do szpitala
tvn24	Handel kwitł tam "od zawsze", potwierdzają to ostatnie odkrycia
tvn24	Małe sokoły wędrowne dostały "dowody osobiste" 
tvn24	Rok po emisji filmu Sekielskich o pedofilii w Kościele. Zmiany niemal niewidoczne
tvn24	Nagle zauważyła, że wprost na nią jedzie auto. Miała sekundy na reakcję. Nagranie udostępnia "ku przestrodze"
tvn24	"To jest duża odpowiedzialność. To nie jest fikcja". We wrześniu premiera filmu o Tomaszu Komendzie
tvn24	Ministerstwo Zdrowia: 168 nowych przypadków zakażenia, pięć osób zmarło 
tvn24	Próbował uciekać, uderzył w drzewo. Był pod wpływem narkotyków, miał ich też sporo przy sobie
tvn24	"Kandydat, który sprawia, że Andrzej Duda ma przed sobą parę nieprzespanych nocy"
tvn24	Przeżyła zsyłkę na Syberię i ewakuację domu opieki. Nikt jej nie chce zabrać ze szpitala, choć jest zdrowa
tvn24	Tysiące zbiorników z nieznaną zawartością. Interweniowała specjalna grupa chemiczna
tvn24	Obserwował, jak Zamek Książ przebudowywali na kwaterę Hitlera. "Czułem się w obowiązku przeszkadzać"
tvn24	Kamery mierzą temperaturę i alarmują, gdy do szpitala próbuje wejść ktoś bez maseczki
tvn24	Czytają sztuki przez internet. "Koledzy mają bujną wyobraźnię"
tvn24	Naukowcy sugerują testowanie ścieków. "Gdy ktoś jest zakażony koronawirusem, emituje go do kanalizacji"
tvn24	Resort zdrowia chce przetwarzać więcej danych dotyczących pacjentów z COVID-19
tvn24	Działaczka pro-life odznaczona przez Ministerstwo Sprawiedliwości
tvn24	Dyskusja o amerykańskiej broni jądrowej w Niemczech. Mosbacher: Polska mogłaby przyjąć ten potencjał u siebie
tvn24	Zawaliła się część budynku byłej kopalni. Pod gruzami nikogo nie było
tvn24	Nie wrócą do klas w tym roku szkolnym. We Włoszech "szkoła będzie ewoluowała w stronę nauki zdalnej"
tvn24	Szef PO: Małgorzata Kidawa-Błońska powiedziała "ruszamy do pracy z Rafałem, jestem do dyspozycji"
tvn24	"Myślę, że wygrana Trzaskowskiego zmieni sytuację polityczną w Polsce. Nic już nie będzie takie samo"
tvn24	"Bardzo chętnie stanę z Rafałem Trzaskowskim do sporu na wizje Polski"
tvn24	Najnowszy sondaż prezydencki dla "Faktów" TVN i TVN24. Jak wypada Trzaskowski?
tvn24	Rekrutacja do liceów 2020. "Jeśli nic się nie zmieni, dzieci będą w stresie biegać między szkołami"
tvn24	Antyterrorysta wypadł z okna po policyjnej imprezie. Koniec śledztwa
tvn24	Ministerstwo Zdrowia: ponad czterysta przypadków zakażeń potwierdzonych w piątek, zmarły 24 osoby
tvn24	W szpitalu molestowano nastolatki, jedna została zgwałcona. Prokuratura: personel nie zawinił
tvn24	Prezydent Warszawy, który ma umówić Polaków na "rendez-vous z przyszłością"
tvn24	"Platforma ciągle zajmuje się sobą". Komentarze po zmianie kandydata Koalicji Obywatelskiej na prezydenta
tvn24	Wjechał w wózek z 1,5-rocznymi bliźniakami. Sąd jednak go aresztował. Zgłosił się sam
tvn24	Nowy kandydat Koalicji Obywatelskiej na prezydenta
tvn24	"Wyrazy szacunku za start". Kontrkandydaci o rezygnacji Kidawy-Błońskiej
tvn24	Policyjna akcja przy granicy. Marihuana warta miliony ukryta w karmie dla psów
tvn24	"Jedna z ofiar ma niemal całe ciało pocięte żyletką". Zatrzymali podejrzanego o stworzenie niebezpiecznej gry
tvn24	Zmarła osiemnastolatka zakażona koronawirusem. "Miała liczne i ciężkie schorzenia towarzyszące"
tvn24	Pielęgniarki są objęte kwarantanną, ale przychodzą do pracy w szpitalu. "Nie naruszyliśmy przepisów"
tvn24	Z pasiek znikały ule z pszczelimi rodzinami. Pszczelarze sami zatrzymali podejrzanego o kradzieże
tvn24	Włamał się na e-lekcję i obrażał uczniów. 13-letni "haker" stanie przed sądem
tvn24	Sadził tuje, znalazł granat. Ewakuowano 1500 osób, saperzy niewybuch zdetonowali w ogrodzie
tvn24	Sędzia Rączka o "sprawdzianie dla wiarygodności dobrych intencji" Stępkowskiego
tvn24	Jak będą wyglądały egzaminy? Maseczkę będzie można zdjąć dopiero po zajęciu miejsca w ławce
tvn24	"Mieliśmy do czynienia z takim wzorcowym przykładem obstrukcji". Stępkowski o obradach SN
tvn24	Prawie dwa tysiące zakażonych górników. Ruszają testy w kolejnych kopalniach
tvn24	Slalomem po wąskiej drodze. Pijanego kierowcę tira zatrzymali inni kierowcy. Policja: miał 2,5 promila
tvn24	Współtwórca Ordo Iuris, wiceminister w rządzie PiS, teraz pokieruje SN. Kim jest Aleksander Stępkowski?
tvn24	Minister zdrowia: przy stu przypadkach na dobę może zdejmiemy maseczki na ulicy
tvn24	Zaradkiewicz niespodziewanie rezygnuje. Jest następca
tvn24	Kiedy wrócą normalne lekcje? Ministerstwo odpowiada
tvn24	WOŚP zebrała już ponad 20 milionów złotych na walkę z koronawirusem
tvn24	Fogiel: każdego przeciwnika, jakiego wystawi przeciwko nam PO, będziemy traktować tak samo
tvn24	Kidawa-Błońska: nie wezmę udziału w tych wyborach
tvn24	"Odpowiedzialność jest ewidentna. Wybór obciąża tych wszystkich, którzy wtedy podjęli taką decyzję"
tvn24	Przeszukali dwie posesje, zatrzymali pięć osób
tvn24	Kaczyński: ani Trzaskowski, ani Sikorski nie nadają się na prezydenta
tvn24	"Potrzebny jest silny facet, który będzie walczył tak, jak pozwalają przeciwnicy"
tvn24	Nie będzie wydłużenia bezpłatnego dostępu do leków dla kobiet na okres połogu
tvn24	"To rozporządzenie ogranicza ilość robionych testów"
tvn24	Eksperci: powszechniejsze szczepienia przeciwko grypie ułatwiłyby diagnozę COVID-19
tvn24	Tysiące dzieci bez kontaktu ze szkołami. "Najczęściej są z domów przemocowych"
tvn24	ZNP: nawet kilkanaście tysięcy dzieci nie uczestniczy w kształceniu zdalnym. "Skala zjawiska jest ogromna"
tvn24	"Jest odpowiedzialność prezydenta za to, kogo powołał i jak ten jego nominat działa. Nie może umyć rąk"
tvn24	Wiceminister o "bełkocie" w konwencji stambulskiej. Resort sprawiedliwości się odcina, ale nie potępia
tvn24	Frasyniuk: właśnie dobijamy Kidawę-Błońską
tvn24	Brejza: Kidawa-Błońska wykonała ogrom pracy, ale jest też dwóch innych polityków wielkiego formatu
tvn24	Pedofilia, ordery i koronawirus. Co rząd miał na myśli, przygotowując tarczę 3.0? 
tvn24	Jak będą wyglądały zajęcia w klasach 1-3? Ministerstwo przedstawia wytyczne
tvn24	"Straż graniczna powoływała się na MSW, a MSW na straż graniczną". Spędził cztery dni na lotnisku
tvn24	Pytany o śmiertelne ciosy opowiadał o "dziurze w pamięci". Biegli: podejrzany o zabójstwo Pauliny był poczytalny
tvn24	Ministerstwo Zdrowia: 411 nowych zakażeń w czwartek. 22 osoby zmarły, wśród nich 18-latka
tvn24	Poznańscy naukowcy pracują nad szczepionką. "Szukamy tam, gdzie nikt nie patrzy"
tvn24	Kabina do pobierania wymazów stanie w szpitalu. "Dziesiątki tysięcy oszczędności miesięcznie"
tvn24	"Czysty, żywy dar dla systemu publicznego". Diagności przeciwni propozycjom resortu zdrowia
tvn24	Czy dzieci wrócą do szkół? Rzecznik rządu: nie ma jeszcze decyzji
tvn24	Potrącił policjanta, taranował auta. Potem zaszył się w lesie
tvn24	Bez uprawnień i pod wpływem narkotyków. 25-latka zatrzymana po pościgu
tvn24	Poszukiwana była listami gończymi, ukrywała się 10 lat. "Była zaskoczona, ale nie stawiała oporu"
tvn24	Nie żyje Jerzy Łapiński, miał 79 lat. "Nie mogę uwierzyć, że już nigdy nie staniemy razem na scenie"
tvn24	Nietypowy gość odwiedził hotel w Kołobrzegu
tvn24	Pozytywne opinie dla nowych szefów służb 
tvn24	41-latek zabił psa młotkiem. Tłumaczenie? "Chciał mu ulżyć w cierpieniach"
tvn24	Plakaty ze zdjęciem nagiej kobiety w Gnieźnie. Policja sprawdza, kto je rozwiesił
tvn24	Zakupione przez ministerstwo maseczki zostały sprawdzone po miesiącu. Wiceminister: nie ma mowy o zwłoce
tvn24	Wjechał w tył samochodu ciężarowego. "Drewno wbiło się przez przednią szybę"
tvn24	Nie mógł pogodzić się z zakończeniem znajomości, do byłej partnerki strzelił dwa razy. Sąd zdecydował o areszcie
tvn24	Resort płaci 116 tys. zł za galę, na której prezydent podpisał ustawę
tvn24	Chcą wiedzieć, co pisał w internecie podejrzany o zabójstwo 10-letniej Kristiny. Pomogą Amerykanie
tvn24	"Wywieźli do lasu i pobili". Matka i jej dwaj synowie odpowiedzą za uprowadzenie 16-latki
tvn24	Więcej testów, więcej dodatnich wyników. Ponad 1400 zakażonych górników
tvn24	"Fakty" TVN: w piątek o 10 decyzja PO w sprawie kandydata na prezydenta
tvn24	18-latek w komisariacie stracił przytomność i zmarł. Śledczy już wiedzą, co się stało
tvn24	Wyjątkowy gatunek ptaków doczekał się trojaczków. Ptasia rodzina mieszka na terenie elektrowni 
tvn24	Wiceminister: są regiony, w których być może jesteśmy w stanie poluzować obowiązek zakrywania twarzy
tvn24	Szpital zakaźny szuka dodatkowych rąk do pracy w czasie epidemii. Potrzebni są sanitariusze
tvn24	Czy kopalnie będą wygaszane? Zapowiedź wicepremiera
tvn24	"Zbyt długo nie wychodzili z domu, chcieli wyładować energię". Wandale zatrzymani
tvn24	Raport NIK krytycznie o szkoleniu w armii. Szef MON: to wycinek całości
tvn24	Szumowski: wskaźnik reprodukcji wirusa spadł poniżej jeden
tvn24	Jeśli nie Kidawa-Błońska, to kto? Senator KO wskazuje dwa nazwiska
tvn24	Huk i wielki słup wody. Saperzy zajęli się bombami z dna Odry
tvn24	Mają opiekować się dziećmi, ale czy mają koronawirusa? Łódź kupuje testy, inne miasta kręcą nosem 
tvn24	"W Senacie możemy postawić PiS pod ścianą"
tvn24	Prokurator krajowy o sprawie dyscyplinarnej sędziego. "Odpowiedział zdawkowo, nie wymienił jego nazwiska"
tvn24	Ministerstwo chce limitów na prywatne testy na koronawirusa. "Im mniej testów zlecimy, tym mniej będzie zakażonych"
tvn24	Apel o zaprzestanie hejtu wobec górników i ich rodzin
tvn24	Senat za zwiększeniem wsparcia dla medyków. Dodatek do pensji, cotygodniowe badania i urlop wytchnieniowy
tvn24	Marek Pęk wicemarszałkiem Senatu. Zastąpił Stanisława Karczewskiego
tvn24	Ustawa o wyborach prezydenckich - w Senacie. Zajmą się nią trzy komisje 
tvn24	Profesor Zoll: prezydent nigdy nie zwracał uwagi na zgodność ustawy z konstytucją
tvn24	Bielan o zakupie maseczek: nie ma mowy o żadnej aferze, bo żaden z polityków na tym nie zarobił
tvn24	Kilkudziesięciu sędziów SN chce odwołania Zaradkiewicza. Napisali do prezydenta
tvn24	Dyrektor Biebrzańskiego Parku Narodowego odwołany ze stanowiska. Ministerstwo podaje powody
tvn24	Śląsk pod specjalnym nadzorem. W ogniskach epidemii zamknięte przedszkola i więcej policji
tvn24	"Rządzący spowodowali taką destabilizację, że trzeba próbować wszystkich rozwiązań"
tvn24	Szumowski zgłasza uwagi wobec masek z UE. Komisja Europejska: czekamy na wyniki testów
tvn24	Jeden go potrącił, drugi po nim przejechał. "Halo, żyje czy nie żyje?". Skonał na ulicy idealnej do wyścigów 
tvn24	Polska przedłuża kontrole na granicach
tvn24	Propozycja zmian w testowaniu. HFPC: może rodzić obawy, że celem jest budowanie narracji o gasnącej epidemii w Polsce
tvn24	Ministerstwo Zdrowia: 322 nowe przypadki koronawirusa w środę. Zmarły 23 osoby
tvn24	Centralne Biuro Antykorupcyjne kupuje luksusową terenówkę za ponad 300 tysięcy
tvn24	Naczelna Izba Lekarska pisze do ministra zdrowia i oskarża o "niechęć do podejmowania dialogu"
tvn24	Posłowie po kontroli w ministerstwie: maseczki zostały rozdysponowane, a dopiero po miesiącu sprawdzone
tvn24	Podchodzą do młodych fok i przepędzają je do wody. "To naganne, one też mają prawo być na plaży"
tvn24	"Nagle zobaczyłem przed sobą samochód, jechał pod prąd. Byłem w szoku"
tvn24	Więcej osób będzie mogło uczestniczyć w mszach
tvn24	Koronawirus w hospicjum. 10 pacjentów zmarło, 13 wyzdrowiało 
tvn24	Zaradkiewicz odroczył obrady w Sądzie Najwyższym. "Moja decyzja wynika z poczucia odpowiedzialności"
tvn24	Szkoły otwarte od 25 maja tylko dla najmłodszych i bez normalnych lekcji
tvn24	Komendant bez stanowiska i z zarzutami za jazdę pod wpływem alkoholu
tvn24	Siemoniak: Jesteśmy w trudnej sytuacji z kandydaturą Kidawy-Błońskiej. Ja tego nie ukrywam
tvn24	Od 18 maja trzeci etap luzowania obostrzeń. Co się zmieni?
tvn24	Ktoś zostawił otwartą bramę, zwierzęta to wykorzystały. Konie na gigancie
tvn24	Nie żyje czwarta zakonnica z klasztoru w Chełmnie 
tvn24	Do przedszkoli poszło 34 tysiące dzieci. Dlaczego nie wracają do placówek, nawet gdy już mogą?
tvn24	Grodzki: zamierzam zaprosić Jarosława Kaczyńskiego do Senatu, aby wypracować jakiś kompromis
tvn24	Szumowski mówił, że wybory tradycyjne są możliwe za dwa lata, teraz zagłosował inaczej. Minister wyjaśnia dlaczego
tvn24	"Wyprzedzał tak, że omal we mnie nie wjechał". Nie odpuścił, zawrócił i pojechał za kierowcą tira 
tvn24	Szumowski: zawiadomiliśmy prokuraturę w sprawie maseczek, które nie spełniają norm
tvn24	Szukali go w całej Europie trzema listami gończymi. Znaleźli pod dachem jego domu
tvn24	Karczewski rezygnuje z funkcji wicemarszałka Senatu. "Będziemy rekomendować Marka Pęka"
tvn24	Okrągły stół w sprawie wyborów. Uczestniczą w nim politycy wszystkich klubów
tvn24	Musieli przerwać remont, gdy zobaczyli, co jest w piecu
tvn24	Rozpracowywali grupę okradającą tiry, wpadli na trop nielegalnej fabryki papierosów w Czechach
tvn24	Wiceminister Buda: zapewne w najbliższych dniach marszałek Sejmu ogłosi termin wyborów
tvn24	"Pomocy! Nie mogę się dostać do domu. Ulatnia się gaz, a w środku jest mój syn". Bo złamał mu się klucz
tvn24	"W czasie awantury oparła się o maskę jego samochodu. Ruszył, kobieta zginęła"
tvn24	Miller: jeśli nie zachowuje się pozorów, to jest więcej niż kpina, to obelga
tvn24	Najważniejsze zapisy ustawy o sposobie przeprowadzenia wyborów prezydenckich
tvn24	Pięć lat temu w drugiej turze na Andrzeja Dudę zagłosowali tu niemal wszyscy. Co myślą teraz?
tvn24	Sejm przyjął ustawę dotyczącą wyborów prezydenckich. "24-godzinny cykl uchwalenia dziurawych przepisów"
tvn24	"Mamy sytuację nadzwyczajną, ale wszystko wydaje się w tym projekcie wychodzić naprzeciw oczekiwaniom"
tvn24	Maseczki niespełniające norm i wielomilionowa transakcja. Minister i wiceminister zdrowia komentują
tvn24	Hołownia będzie współpracował z KO? "Toczymy różne rozmowy, ale w tej chwili nie ma takich planów"
tvn24	"Od takich afer upadały rządy, w każdym normalnym kraju upadłby rząd"
tvn24	Janina Ochojska pokonała raka. "Mam nadzieję, że szybko wrócę do sił"
tvn24	Minister porównał działanie obrońców praw zwierząt do hitlerowskiej propagandy. "Idzie atak na rolnictwo"
tvn24	"Borys Budka nie pytał mnie o rezygnację ze startu w wyborach. Pytał, jak sobie radzę z tym hejtem"
tvn24	Wiceminister zdrowia: nie ma mowy o nierównym traktowaniu w dostępie do testów 
tvn24	Projekt rozporządzenia: testy komercyjne nie dla osób w kwarantannie i z objawami
tvn24	Nauczyciele w czasie pandemii zarabiają mniej, a twierdzą, że pracują więcej. "Satysfakcją kredytów nie zapłacę"
tvn24	Co z tego, że otworzą salony, jeśli nie wrócą kolejki niemieckich klientów? "Wioska fryzjerów" na skraju  
tvn24	Co zawiera autopoprawka klubu PiS do projektu w sprawie wyborów?
tvn24	Niemal sześćset nowych przypadków koronawirusa potwierdzonych we wtorek, 28 osób zmarło
tvn24	Ciało noworodka na wysypisku śmieci. Prokuratura wszczyna śledztwo w sprawie zabójstwa
tvn24	Ktoś porzucił busa na autostradzie. W środku pełne worki
tvn24	"Klaszczesz czy rzucasz kamieniami?" Pielęgniarki i pielęgniarze obchodzą swoje święto
tvn24	Zakażonych jest 799 górników i 650 ich bliskich. Wicepremier odpowiedział, czy zamkną Śląsk
tvn24	"Dziękuję za Wasz codzienny trud i wysiłek". Arcybiskup Gądecki o Dniu Pielęgniarek i Położnych
tvn24	Pozywa Skarb Państwa za ograniczenia związane z koronawirusem. Prawie pół miliona za zamknięte siłownie
tvn24	Wybrano osoby, które mogą być kandydatami na pierwszego prezesa Sądu Najwyższego
tvn24	Podjeżdżają przed szpitale, włączają syreny, biją brawo i rozdają prezenty pielęgniarkom oraz położnym
tvn24	"Niech każdy wypracuje sobie własne stanowisko". Sędzia odczytała fragment Regulaminu Sądu Najwyższego
tvn24	"Czuje się dobrze i niecierpliwi pobytem w szpitalu". 103-latka czeka na potwierdzenie, że pokonała koronawirusa
tvn24	Wicemarszałek Zgorzelski zrobił test na koronawirusa. Pracownica jego sekretariatu uzyskała wynik pozytywny
tvn24	"Jakiekolwiek wybory zarządzone teraz przez panią marszałek będą skażone brakiem podstawy prawnej"
tvn24	Sędzia Rączka o doniesieniach medialnych: nie otrzymałem ultimatum, traktuję to jako próbę zastraszenia 
tvn24	Kto będzie Pierwszym Prezesem SN? Obrady trwają
tvn24	"Jak już dostałam się do lekarza, otrzymałam skierowanie do poradni genetycznej. Ale ta poradnia jest nieczynna"
tvn24	Opóźnienia w leczeniu pacjentów onkologicznych. "Dostęp do badań obrazowych, a nawet biopsji znacznie się pogorszył"
tvn24	"Jest strach, bo tylko głupi się nie boją". Szefowa związku zawodowego pielęgniarek o pracy w czasie pandemii
tvn24	Sędzia Sądu Najwyższego: usiłuje się z nami prowadzić grę, której zasady nie zostały ustalone
tvn24	"Będąc na pierwszej linii walki z koronawirusem, poniosła najwyższą cenę"
tvn24	Zmarła 22-latka, osierociła dwoje dzieci. Zarzuty "spowodowania obrażeń" usłyszał jej partner
tvn24	Gowin o prawdopodobnych datach wyborów. 12 lipca? "Wahałbym się"
tvn24	Rehabilitacja pacjentów z COVID-19. "Najpierw sadzać, później stawiać na nogi"
tvn24	Oficjalnie: uchwała o jedności i zaufaniu. Nieoficjalnie: "bardzo mocna krytyka działań Jarosława Gowina"
tvn24	Pies porzucony w stawie. Zawinięty w dywan z przybitymi deskami. "Sceny jak z horroru"
tvn24	Sąd Najwyższy wznowi obrady. Jest spór o liczenie głosów
tvn24	Intensywne opady w Łódzkiem i na Dolnym Śląsku. Zerwane dachy i zalane ulice
tvn24	"Razem silniejsi". Mosbacher: żołnierze USA pomagają w czasie epidemii COVID-19 w Polsce
tvn24	Kiedy poznamy termin wyborów? "Muszę się nad tym zastanowić"
tvn24	PiS chce głosować nad nowym projektem w sprawie wyborów już we wtorek. "Nie wychodzimy z chaosu"
